year,month,date,Time,latitude,longitude,depth,magnitude,DATE
1980,2,21,16:05:50,10.5276,92.9652,78.7,4.6,1980-02-21
1980,5,26,11:37:30,11.0789,92.8553,43.2,4.8,1980-05-26
1980,8,20,6:21:54,11.0277,92.9682,54,5,1980-08-20
1980,9,29,0:18:31,13.0346,93.0987,32,4.5,1980-09-29
1980,10,31,8:01:10,12.275,92.8534,41,4.6,1980-10-31
1980,11,8,3:37:10,12.1565,93.5053,93,4.7,1980-11-08
1980,11,16,7:37:41,12.3772,92.9224,41,4.9,1980-11-16
1980,12,27,5:56:31,11.6955,93.0459,46,4.9,1980-12-27
1981,1,18,17:25:52,11.9533,93.2386,41,4.8,1981-01-18
1981,2,1,22:17:32,10.8358,92.4339,26,4.8,1981-02-01
1981,2,16,21:07:57,12.0122,92.7681,41,4.2,1981-02-16
1981,4,26,8:22:35,12.0713,92.5563,30.4,4.7,1981-04-26
1981,6,8,15:17:28,11.8884,92.9385,100,4.2,1981-06-08
1981,10,10,23:28:55,12.1519,93.4573,93,4.1,1981-10-10
1981,11,2,21:10:27,12.2296,92.8855,26,5.8,1981-11-02
1981,12,1,5:57:43,13.1591,93.2302,58,4.2,1981-12-01
1982,1,9,18:38:59,10.6394,92.7809,54,3.7,1982-01-09
1982,2,26,21:59:39,12.0011,92.7492,10,4.1,1982-02-26
1982,3,7,0:31:29,11.0174,92.2632,30.4,5,1982-03-07
1982,5,2,23:14:46,10.813,93.14,54,4.4,1982-05-02
1982,7,10,19:22:17,11.9335,93.3155,93,4.3,1982-07-10
1982,8,26,11:35:32,12.0676,93.5414,93,4.7,1982-08-26
1982,9,26,11:26:41,12.2184,92.8833,41,4.8,1982-09-26
1982,9,27,11:11:03,11.5967,92.6286,26,4.7,1982-09-27
1982,12,16,8:56:36,11.7395,92.9424,59.1,5.3,1982-12-16
1983,1,24,23:09:22,12.956,93.5609,72.5,6.2,1983-01-24
1983,1,29,20:54:34,13.2121,93.1776,35,3.7,1983-01-29
1983,2,17,8:55:52,12.7712,93.5475,58,5,1983-02-17
1983,2,20,2:26:50,12.9112,92.9013,19.3,5.3,1983-02-20
1983,7,9,6:07:58,12.2792,93.4493,91.1,4.8,1983-07-09
1983,8,31,7:32:18,12.9468,93.3237,58,4.1,1983-08-31
1984,2,7,1:15:31,11.0019,92.6377,26,4.7,1984-02-07
1984,3,22,5:36:38,13.0223,93.5605,84.2,5.1,1984-03-22
1984,4,8,21:52:45,13.41,92.3643,29,4.5,1984-04-08
1984,4,29,12:03:51,11.9232,93.2298,41,4.6,1984-04-29
1984,6,11,15:01:55,13.3469,93.0182,29,4.5,1984-06-11
1984,7,17,6:30:08,12.9703,92.9337,22.3,4.7,1984-07-17
1984,8,17,0:58:53,10.7876,93.1513,40,5.2,1984-08-17
1984,11,9,18:38:55,12.7097,93.4702,93,4.2,1984-11-09
1984,12,20,17:54:30,10.3483,93.5867,25,4.8,1984-12-20
1984,12,26,18:26:48,10.7883,93.4404,35,4.6,1984-12-26
1985,3,26,23:08:39,11.0386,92.8339,54,3.9,1985-03-26
1985,4,7,11:11:50,10.591,92.3724,14.3,5.1,1985-04-07
1985,11,29,12:02:47,10.5936,93.4886,92.7,5,1985-11-29
1986,5,22,5:14:04,12.4265,93.2505,93,4.9,1986-05-22
1986,9,20,10:05:01,12.9794,93.2844,70,5,1986-09-20
1987,4,24,9:19:19,11.2485,93.4835,123,4.2,1987-04-24
1987,5,24,2:08:23,11.5939,93.2196,94.8,4.9,1987-05-24
1987,7,13,22:21:25,11.2857,93.1276,54,4.4,1987-07-13
1987,7,21,3:20:16,10.9635,92.1497,27,4.1,1987-07-21
1987,9,19,19:56:30,11.4266,92.3112,26,4.1,1987-09-19
1988,1,30,14:30:40,13.0759,93.4773,65.2,5.2,1988-01-30
1988,2,28,3:19:37,11.1864,93.5464,121,5.2,1988-02-28
1988,3,2,4:45:07,10.4695,93.4306,100,4.2,1988-03-02
1988,5,6,9:23:37,12.2679,92.9032,23.9,5.3,1988-05-06
1988,5,6,9:30:35,12.1995,92.881,41,4.7,1988-05-06
1988,7,10,6:36:17,12.1851,92.8893,41,4.5,1988-07-10
1988,8,5,17:34:38,12.1088,93.047,32.8,5,1988-08-05
1988,9,5,19:11:38,10.5604,92.8383,53,4.6,1988-09-05
1988,11,3,18:34:44,12.3116,92.6873,26,4.8,1988-11-03
1989,1,1,13:12:39,12.6782,92.872,41,4.1,1989-01-01
1989,4,27,4:19:17,10.5542,93.3745,100,4.7,1989-04-27
1989,5,16,12:23:12,10.3706,93.3478,100,4.6,1989-05-16
1989,5,22,23:48:12,10.528,93.141,33,4.3,1989-05-22
1989,6,9,9:53:47,10.4611,92.8523,53,4.9,1989-06-09
1989,12,27,16:27:53,11.2088,93.0073,54,4,1989-12-27
1990,1,22,18:49:37,11.6461,92.4255,26,4.8,1990-01-22
1990,5,4,4:28:55,12.5123,92.3798,35,4.1,1990-05-04
1990,9,13,17:40:30,10.9843,92.5305,26,4.7,1990-09-13
1991,4,11,8:50:03,11.7203,92.5451,23,4.7,1991-04-11
1991,9,4,8:32:38,10.9646,93.049,54,4.7,1991-09-04
1992,2,4,21:51:40,11.2427,93.0124,46,4.8,1992-02-04
1992,5,30,18:10:59,10.3332,92.6054,29,4.5,1992-05-30
1992,6,7,9:05:51,12.2145,92.6133,23,4.4,1992-06-07
1992,6,25,15:46:15,11.9062,92.3899,23,4.6,1992-06-25
1992,7,6,9:28:57,11.7633,92.5129,39.1,5,1992-07-06
1992,7,6,12:23:53,11.8017,92.5627,34.7,5.1,1992-07-06
1992,10,15,20:11:36,10.8962,93.4103,35,4.5,1992-10-15
1993,2,1,21:39:45,10.7427,93.5477,123,4.2,1993-02-01
1993,3,14,14:50:19,11.8678,92.1878,26,4.7,1993-03-14
1993,4,9,16:24:16,13.1337,92.9248,32,4.6,1993-04-09
1993,9,30,17:04:49,11.8222,92.4681,30,5.4,1993-09-30
1993,10,21,13:53:26,11.8601,92.4372,29.3,4.3,1993-10-21
1994,4,10,6:58:18,11.8622,92.8522,41,4.3,1994-04-10
1994,7,9,17:47:36,12.8645,93.2144,35,4.4,1994-07-09
1994,11,15,1:56:21,11.8869,92.4873,23,4.4,1994-11-15
1994,12,22,22:50:18,11.0309,93.13,123,4.6,1994-12-22
1995,1,22,11:48:03,11.5823,92.3551,26,4.7,1995-01-22
1995,3,20,22:32:58,10.3379,93.2946,25,4.5,1995-03-20
1995,3,30,2:15:36,13.0608,93.0799,40.4,4.6,1995-03-30
1995,4,9,0:33:07,10.8653,92.7915,35,4.2,1995-04-09
1995,4,30,14:36:06,10.9988,93.402,123,4,1995-04-30
1995,5,3,2:06:17,11.8746,92.8762,41,4.5,1995-05-03
1995,5,13,11:57:16,10.4904,92.8369,53,4.8,1995-05-13
1995,8,16,6:15:07,10.6591,92.8615,53,4.5,1995-08-16
1995,8,30,5:07:06,12.1752,92.965,10,4.2,1995-08-30
1995,8,30,21:12:41,12.9894,92.3339,31,4.2,1995-08-30
1995,10,8,18:22:59,10.4469,92.8027,30.2,4.9,1995-10-08
1995,10,17,9:48:38,10.4258,92.3042,24.8,4.7,1995-10-17
1995,10,27,19:16:28,10.5467,92.1054,29,4.1,1995-10-27
1995,12,3,23:15:42,10.9592,93.4501,123,4.1,1995-12-03
1995,12,9,7:26:24,10.6118,92.8086,31.3,4.8,1995-12-09
1996,1,16,15:18:33,12.1786,92.8037,41,4.4,1996-01-16
1996,1,20,9:40:37,10.9052,92.5981,26,4.2,1996-01-20
1996,2,6,5:07:17,11.1483,92.2656,18.6,4.2,1996-02-06
1996,2,29,11:55:51,10.469,92.6966,31.9,5.2,1996-02-29
1996,3,23,4:47:32,12.6248,92.3907,26,4,1996-03-23
1996,4,12,22:46:10,12.0779,93.4238,93,3.9,1996-04-12
1996,6,10,13:45:10,12.12,92.98,58.5,3.4,1996-06-10
1996,6,22,1:57:11,11.9089,93.5247,93,3.8,1996-06-22
1996,9,23,3:05:41,10.7784,93.4233,100,4,1996-09-23
1996,11,2,18:50:46,11.73,92.46,0,3.5,1996-11-02
1996,11,9,4:12:04,10.3505,92.8975,53,4.3,1996-11-09
1996,11,20,19:12:29,11.5281,92.8639,46,4.3,1996-11-20
1996,12,3,7:21:08,12.123,92.8109,41,3.9,1996-12-03
1996,12,5,20:29:46,11.7446,92.7924,41,4.6,1996-12-05
1996,12,27,10:23:49,11.8293,92.3207,23,4.1,1996-12-27
1996,12,29,21:52:11,11.6447,93.4771,35,4.2,1996-12-29
1997,1,2,10:52:38,10.61,92.8281,43.1,5,1997-01-02
1997,1,5,9:03:51,11.769,93.5393,93,3.9,1997-01-05
1997,1,18,19:45:22,12.1826,93.5785,29.9,4.4,1997-01-18
1997,1,28,4:19:36,10.4576,92.7038,53,4.3,1997-01-28
1997,2,16,16:45:13,10.4137,93.4128,100,4.2,1997-02-16
1997,3,24,10:47:42,10.6126,92.6836,29,4,1997-03-24
1997,5,6,22:18:02,12.3665,93.3282,88.4,4.6,1997-05-06
1997,10,14,14:06:51,12.4832,93.5474,93,4,1997-10-14
1997,10,17,2:43:59,11.0249,92.4193,26,3.9,1997-10-17
1997,10,25,18:40:18,10.9045,92.4068,21.9,4.6,1997-10-25
1997,10,30,6:30:28,11.6221,92.9514,42.9,4.9,1997-10-30
1997,11,1,13:42:09,13.1736,93.5773,58,3.9,1997-11-01
1997,11,17,0:37:54,11.0182,92.4797,26,3.8,1997-11-17
1997,12,31,0:00:55,11.0787,92.3531,22.1,4.2,1997-12-31
1998,1,14,16:23:28,10.3482,93.0304,53,3.7,1998-01-14
1998,1,17,16:03:23,11.7356,92.6433,23,3.8,1998-01-17
1998,1,18,1:41:35,10.4451,93.0503,0,3.5,1998-01-18
1998,1,21,19:17:01,10.3288,92.7794,53,4.1,1998-01-21
1998,2,1,2:45:09,11.8621,93.3051,93,4.4,1998-02-01
1998,2,7,2:22:09,12.2715,93.5678,93,4.2,1998-02-07
1998,3,6,19:44:34,13.3162,93.3365,0,3.3,1998-03-06
1998,3,29,1:48:43,12.6819,92.9624,41,3.9,1998-03-29
1998,4,11,12:31:06,13.2041,92.8992,16.2,4.5,1998-04-11
1998,5,11,20:02:51,11.1437,92.574,26,3.8,1998-05-11
1998,5,15,8:52:12,11.0293,92.5013,35,4.3,1998-05-15
1998,8,30,11:03:56,11.6472,92.7197,26,3.8,1998-08-30
1998,11,6,20:29:26,11.0674,92.444,30.7,4.9,1998-11-06
1998,11,6,20:45:47,11.0916,92.4634,27.9,4.6,1998-11-06
1998,11,6,22:52:10,11.0778,92.452,28,5.2,1998-11-06
1998,11,23,2:22:32,11.9782,93.4536,93,4,1998-11-23
1998,12,10,8:14:55,10.6336,93.5173,150,4.5,1998-12-10
1999,1,28,9:55:34,12.0921,92.8531,120,3.8,1999-01-28
1999,2,25,9:18:24,11.1301,93.3526,123,4.2,1999-02-25
1999,3,27,3:19:08,12.8675,93.1255,42.2,4,1999-03-27
1999,3,27,21:40:20,12.7927,92.605,0,3.9,1999-03-27
1999,5,6,18:34:58,12.5,92.7048,26,4.6,1999-05-06
1999,5,14,8:57:46,11.7504,92.8973,41,3.9,1999-05-14
1999,5,31,19:20:18,12.7348,92.6769,0,3.5,1999-05-31
1999,6,27,15:31:00,12.2221,92.8875,41,4,1999-06-27
1999,7,5,21:57:26,10.5179,93.0289,35,4.4,1999-07-05
1999,7,11,5:02:18,13.0088,92.8835,0,3.9,1999-07-11
1999,7,18,15:33:59,13.1466,92.7252,32,3.9,1999-07-18
1999,7,25,9:02:29,12.653,92.8593,10,4.6,1999-07-25
1999,9,14,2:30:47,10.8948,92.8385,54,4.3,1999-09-14
1999,9,20,5:46:00,10.3669,92.8381,53,4.3,1999-09-20
1999,11,3,16:14:22,10.7175,92.8551,53,4.1,1999-11-03
1999,11,9,16:35:36,13.1071,92.2862,28.1,5,1999-11-09
1999,11,11,0:42:13,10.6015,92.9085,96.3,3.5,1999-11-11
2000,2,2,10:41:53,12.9287,92.9239,32,4.6,2000-02-02
2000,2,2,10:53:33,12.7438,92.9769,32,3.9,2000-02-02
2000,2,4,15:10:39,12.2565,93.5028,93,4.1,2000-02-04
2000,2,5,11:33:57,13.6821,93.0559,29,3.7,2000-02-05
2000,2,27,16:04:05,12.2861,93.4341,0,3.9,2000-02-27
2000,5,1,10:30:29,13.2419,92.4598,24.1,4.8,2000-05-01
2000,7,19,14:27:37,12.4123,92.6112,34.2,4.5,2000-07-19
2000,8,30,5:39:49,10.6617,93.3761,91.2,4.7,2000-08-30
2000,9,26,12:03:22,13.334,92.9347,0,3.9,2000-09-26
2000,9,26,13:39:46,11.1642,92.3053,20,4.5,2000-09-26
2000,10,21,7:37:12,12.1908,93.0313,41,3.9,2000-10-21
2000,10,26,8:54:34,10.5342,92.7662,66.5,4.9,2000-10-26
2000,11,23,17:28:26,10.3304,92.0655,0,3.8,2000-11-23
2000,12,23,19:38:09,13.2422,93.2822,35,3.7,2000-12-23
2000,12,28,21:56:27,10.8595,93.3468,118.7,3.4,2000-12-28
2001,2,14,17:49:13,11.1378,93.2947,0,3.7,2001-02-14
2001,3,21,13:56:46,12.1933,92.776,41,4,2001-03-21
2001,5,2,22:34:38,12.1635,93.5029,90.6,5.2,2001-05-02
2001,6,8,15:07:07,11.0147,92.3818,31.9,4.8,2001-06-08
2001,6,14,17:25:31,11.7662,92.9086,50.5,4.1,2001-06-14
2001,6,20,6:12:57,10.6291,92.5092,29,4,2001-06-20
2001,7,6,8:46:04,12.5659,92.9556,41,3.6,2001-07-06
2001,7,25,16:35:16,10.5866,92.9914,44.1,4.8,2001-07-25
2001,8,5,5:16:16,12.305,93.341,87.4,5.4,2001-08-05
2001,8,14,14:36:26,11.1803,93.3749,105.6,3.6,2001-08-14
2001,8,18,13:08:48,10.9117,92.4071,19.7,4.8,2001-08-18
2001,9,16,17:14:58,10.4485,92.7706,35,4,2001-09-16
2001,9,23,19:10:58,10.9453,93.376,0,3.5,2001-09-23
2001,9,29,12:12:06,13.0728,93.3151,58,3.7,2001-09-29
2001,9,30,23:06:25,10.8806,93.0245,54,3.8,2001-09-30
2001,10,8,11:04:45,12.402,92.9154,41,3.9,2001-10-08
2001,11,21,15:59:54,11.8439,92.8152,41,3.9,2001-11-21
2002,2,6,21:09:48,11.1015,92.2899,26,4.4,2002-02-06
2002,2,20,14:45:29,10.7594,92.6416,53,3.9,2002-02-20
2002,3,1,15:59:43,13.1557,93.5442,58,3.5,2002-03-01
2002,3,22,7:08:03,13.6465,92.977,0,3.6,2002-03-22
2002,4,17,23:00:18,12.9091,93.0036,32,3.8,2002-04-17
2002,5,5,0:20:47,10.5575,92.7849,0,4.1,2002-05-05
2002,5,17,23:05:50,11.6326,92.3796,32.1,4.7,2002-05-17
2002,5,25,12:06:25,11.0838,92.5774,26,3.3,2002-05-25
2002,6,2,11:14:33,10.3677,92.9055,56.5,3.4,2002-06-02
2002,6,5,16:06:40,11.1119,92.7544,54,4,2002-06-05
2002,6,27,12:40:01,12.574,93.3391,60,4.1,2002-06-27
2002,8,12,18:49:09,12.8641,93.1813,32,3.9,2002-08-12
2002,8,26,5:57:45,10.5333,92.7549,0,3.5,2002-08-26
2002,9,13,22:27:28,13.0334,93.3853,58,3.9,2002-09-13
2002,9,13,22:28:32,13.083,93.0881,30.2,6.3,2002-09-13
2002,9,13,22:39:15,13.0326,93.0537,32,4.7,2002-09-13
2002,9,13,22:48:39,13.0112,93.1267,32,4.1,2002-09-13
2002,9,13,23:14:09,12.9865,93.0474,32,5.1,2002-09-13
2002,9,13,23:16:08,13.1454,93.2766,58,4.5,2002-09-13
2002,9,13,23:21:37,12.9147,93.0477,32,3.9,2002-09-13
2002,9,13,23:38:40,12.9993,93.0485,32,3.9,2002-09-13
2002,9,13,23:44:48,13.1144,93.0924,32,4.5,2002-09-13
2002,9,14,1:01:39,13.1646,93.1398,32,4.4,2002-09-14
2002,9,14,1:59:58,12.8138,92.8811,0,3.2,2002-09-14
2002,9,14,2:05:23,12.9181,91.9496,0,4.1,2002-09-14
2002,9,14,6:56:58,12.8996,93.0319,32,4.3,2002-09-14
2002,9,14,7:21:25,12.9692,92.9077,32,3.8,2002-09-14
2002,9,14,9:11:10,12.9875,93.2729,58,4.1,2002-09-14
2002,9,14,9:20:01,12.9504,93.1387,32,4.1,2002-09-14
2002,9,14,9:49:24,13.009,92.838,32,4.1,2002-09-14
2002,9,14,11:03:39,13.5268,92.8681,0,3.3,2002-09-14
2002,9,14,15:10:12,13.0917,92.9903,32,4,2002-09-14
2002,9,14,16:40:02,12.9443,93.0135,32,3.9,2002-09-14
2002,9,14,17:36:34,13.0126,92.9593,32,3.8,2002-09-14
2002,9,14,18:51:11,12.8706,93.0193,0,3.4,2002-09-14
2002,9,14,19:58:38,12.9986,93.195,33.4,5.7,2002-09-14
2002,9,14,20:36:27,13.1216,93.2154,58,4.2,2002-09-14
2002,9,14,20:37:04,13.0791,93.3404,58,4.1,2002-09-14
2002,9,14,20:41:57,12.989,93.2928,58,4,2002-09-14
2002,9,14,21:15:36,12.9685,92.9808,32,4.2,2002-09-14
2002,9,14,21:36:32,13.092,93.077,32,4,2002-09-14
2002,9,14,22:10:54,12.9681,93.191,32,4,2002-09-14
2002,9,14,22:12:37,13.0608,93.1056,24.6,5.1,2002-09-14
2002,9,14,22:19:34,12.7493,93.0153,0,3.9,2002-09-14
2002,9,14,23:04:32,13.0424,93.1967,58,4.1,2002-09-14
2002,9,15,0:51:05,12.8929,92.9389,32,3.9,2002-09-15
2002,9,15,1:29:30,12.8797,92.9653,35,4.2,2002-09-15
2002,9,15,14:31:22,13.1159,92.9978,28.3,4.3,2002-09-15
2002,9,18,0:30:45,13.1266,93.1738,58,4.2,2002-09-18
2002,9,18,12:01:38,13.1703,93.1411,33.3,5.4,2002-09-18
2002,9,20,3:37:00,13.1009,93.091,34.4,4.7,2002-09-20
2002,9,21,4:51:04,13.1959,93.0081,26.6,4.3,2002-09-21
2002,9,21,7:42:15,12.767,92.9253,0,3.4,2002-09-21
2002,9,21,20:50:16,12.7323,92.8392,0,3.2,2002-09-21
2002,9,21,21:04:57,13.1255,93.1566,58,3.7,2002-09-21
2002,9,23,2:29:22,13.1917,92.9977,29,3.8,2002-09-23
2002,9,24,3:26:16,11.9289,92.2537,0,3.7,2002-09-24
2002,9,25,5:57:16,13.1243,92.935,32,4.2,2002-09-25
2002,9,25,20:15:52,12.8613,92.9965,0,3.4,2002-09-25
2002,9,26,8:33:48,12.7688,92.9594,0,3.7,2002-09-26
2002,9,27,15:35:11,13.0059,93.1509,0,3.2,2002-09-27
2002,9,27,17:41:12,13.072,93.0932,58,4,2002-09-27
2002,9,27,19:17:08,13.0305,93.1924,0,3.5,2002-09-27
2002,9,29,11:49:26,12.9494,93.0411,32,4.3,2002-09-29
2002,9,29,16:51:52,13.2132,93.2854,58,3.8,2002-09-29
2002,10,1,15:11:37,12.8102,92.9578,0,3.4,2002-10-01
2002,10,3,23:42:43,13.0986,92.9756,32,4.1,2002-10-03
2002,10,4,21:34:25,13.1183,93.0929,32,4.5,2002-10-04
2002,10,5,22:07:16,13.1168,93.0249,32,4.3,2002-10-05
2002,10,8,18:57:33,13.0416,93.1785,58,4,2002-10-08
2002,10,12,17:08:12,12.969,93.0626,32,4,2002-10-12
2002,10,13,18:30:13,13.2031,93.1538,32,4.3,2002-10-13
2002,10,14,3:37:13,13.21,93.0453,32,4.3,2002-10-14
2002,10,17,5:22:04,13.1044,93.0625,27.2,4.9,2002-10-17
2002,10,23,11:49:48,11.292,92.9365,46,4.4,2002-10-23
2002,10,25,20:38:58,13.1922,93.2626,35,4.5,2002-10-25
2002,11,1,13:21:16,12.5701,92.6852,0,3.6,2002-11-01
2002,11,2,4:47:43,12.7676,93.0054,32,5.8,2002-11-02
2002,11,3,7:26:52,13.1927,93.251,58,4.2,2002-11-03
2002,11,14,10:13:37,12.9005,93.1236,32,3.9,2002-11-14
2002,11,15,21:01:12,12.7433,92.8002,0,3.5,2002-11-15
2002,11,27,19:27:48,12.9955,92.9171,32,3.7,2002-11-27
2002,11,27,21:13:40,13.0104,93.0745,32,4.5,2002-11-27
2002,11,28,9:38:09,12.9504,93.1291,32,4.5,2002-11-28
2002,12,3,12:32:44,10.3415,93.5791,25,3.9,2002-12-03
2002,12,4,19:24:13,13.0876,93.1184,32,4.6,2002-12-04
2002,12,21,13:52:25,12.9915,93.1415,58,3.6,2002-12-21
2002,12,21,22:31:15,13.1387,92.9557,32,4.4,2002-12-21
2002,12,26,0:39:36,12.6745,92.9244,0,3.6,2002-12-26
2003,1,8,18:29:49,12.9555,93.2513,58,3.9,2003-01-08
2003,1,9,23:14:36,11.6412,92.9111,54,4.7,2003-01-09
2003,1,12,20:17:22,11.1208,92.693,50,4.3,2003-01-12
2003,1,25,19:20:50,12.5908,93.3887,93,4,2003-01-25
2003,2,14,7:19:22,10.9515,92.1387,23.5,3.7,2003-02-14
2003,2,16,1:32:15,13.224,92.9805,29.4,4.2,2003-02-16
2003,2,16,9:22:12,10.7393,93.571,25,4.3,2003-02-16
2003,3,4,12:37:16,13.1208,92.9424,32,4.1,2003-03-04
2003,3,21,4:44:52,13.0432,92.8296,32,4.4,2003-03-21
2003,3,21,18:05:53,11.3466,92.4942,26,4.2,2003-03-21
2003,3,26,4:22:31,12.5216,92.6183,32,5.8,2003-03-26
2003,4,7,14:01:29,12.5566,92.682,26,4.9,2003-04-07
2003,4,14,12:37:31,12.8553,93.0798,19.8,4.6,2003-04-14
2003,4,23,21:49:45,13.0018,93.0897,32,3.7,2003-04-23
2003,5,5,22:56:00,12.4588,92.58,26,4,2003-05-05
2003,5,20,14:16:46,10.5905,93.4783,90.2,4.5,2003-05-20
2003,5,20,17:26:41,12.9418,93.322,58,3.5,2003-05-20
2003,5,22,8:16:27,11.4484,93.2023,46,3.8,2003-05-22
2003,5,25,2:32:51,12.8182,93.065,32,4,2003-05-25
2003,5,27,20:28:31,12.4435,93.4406,93,4.1,2003-05-27
2003,6,1,11:54:26,13.0219,93.5082,58,3.7,2003-06-01
2003,6,12,2:33:18,10.8024,92.6621,29,4,2003-06-12
2003,6,26,11:33:37,12.7485,92.9367,43.8,4.6,2003-06-26
2003,7,6,14:04:06,11.3207,92.5788,26,3.6,2003-07-06
2003,8,8,20:12:04,12.9929,92.9743,32,4,2003-08-08
2003,8,11,21:22:32,12.177,93.497,102,5.5,2003-08-11
2003,8,20,20:04:13,12.9683,92.9183,32,4.3,2003-08-20
2003,8,21,3:56:32,12.9051,93.0894,32,4.4,2003-08-21
2003,8,21,14:31:57,12.6497,93.0004,0,3.5,2003-08-21
2003,10,10,10:09:13,13.17,93.3023,58,4.1,2003-10-10
2003,10,29,18:05:29,13.3342,92.0771,35,4.2,2003-10-29
2003,11,20,14:05:03,13.099,93.1567,32.5,5.2,2003-11-20
2003,11,20,15:43:47,13.0293,92.9685,32,4,2003-11-20
2003,11,22,23:13:27,13.069,93.1319,32,4,2003-11-22
2003,12,15,19:49:57,11.8742,93.4374,93,4.2,2003-12-15
2003,12,18,11:57:09,12.3655,93.4214,35,3.7,2003-12-18
2003,12,30,10:49:56,11.8981,92.7908,28.5,3.8,2003-12-30
2004,1,4,7:14:54,10.5865,93.4453,53,4,2004-01-04
2004,1,26,2:39:55,13.2005,92.9577,32,4.1,2004-01-26
2004,1,30,3:05:12,12.1937,92.5316,25.6,4.4,2004-01-30
2004,1,31,15:51:01,10.7037,93.5238,25,4,2004-01-31
2004,3,1,4:58:55,12.2656,93.2702,93,4.2,2004-03-01
2004,3,5,2:33:46,12.5072,92.4672,26,4.2,2004-03-05
2004,3,6,10:21:32,13.0485,93.1084,34.5,5.2,2004-03-06
2004,3,21,13:53:53,12.7701,92.7117,0,3.5,2004-03-21
2004,3,26,17:24:37,11.8212,92.8213,148.5,3.9,2004-03-26
2004,4,4,14:54:39,13.4024,93.2115,0,4.2,2004-04-04
2004,4,5,23:48:17,12.9901,93.1202,32,3.9,2004-04-05
2004,4,10,15:57:00,13.1066,93.1855,23.7,5.1,2004-04-10
2004,4,15,17:46:47,13.1375,92.9793,0,3.2,2004-04-15
2004,4,16,13:53:55,11.2735,92.8146,0,3.5,2004-04-16
2004,4,17,15:26:17,12.9689,93.0791,32,3.9,2004-04-17
2004,5,3,17:41:29,13.0551,93.2011,31,5.3,2004-05-03
2004,6,18,22:06:19,10.7692,91.9176,0,3.5,2004-06-18
2004,6,27,9:30:24,11.7772,92.396,0,3.7,2004-06-27
2004,7,15,5:46:35,13.1177,93.131,32,4,2004-07-15
2004,7,15,5:56:03,12.9942,93.3591,58,3.8,2004-07-15
2004,8,4,8:42:44,12.0812,93.2309,54.1,4,2004-08-04
2004,8,20,6:54:25,12.6651,92.6927,31.3,4.3,2004-08-20
2004,8,23,9:27:18,10.3009,93.1318,43,4,2004-08-23
2004,9,19,21:15:45,11.1109,92.1139,0,3.5,2004-09-19
2004,9,20,8:02:33,12.517,92.5192,26,3.9,2004-09-20
2004,11,16,10:56:16,12.416,92.3862,26,3.6,2004-11-16
2004,12,17,1:58:20,12.9704,93.3266,0,3.7,2004-12-17
2004,12,26,1:34:31,11.3187,92.3723,0,5,2004-12-26
2004,12,26,1:38:53,13.2309,93.5466,58,4.8,2004-12-26
2004,12,26,1:39:55,10.9326,92.8652,0,4.9,2004-12-26
2004,12,26,1:52:45,10.3739,92.1358,29,5.2,2004-12-26
2004,12,26,1:55:38,11.5362,92.3613,40,4.5,2004-12-26
2004,12,26,2:12:18,10.9004,92.8155,62.2,4.2,2004-12-26
2004,12,26,2:12:34,11.6344,92.2357,20.3,4.5,2004-12-26
2004,12,26,2:15:59,12.3265,92.5478,20.1,5.6,2004-12-26
2004,12,26,2:26:04,11.9973,92.5224,0,4.6,2004-12-26
2004,12,26,2:36:08,12.1664,92.9116,27,5.8,2004-12-26
2004,12,26,2:52:00,12.5157,92.5264,19.8,5.8,2004-12-26
2004,12,26,3:44:08,13.5613,92.6727,22.6,5.1,2004-12-26
2004,12,26,4:30:49,10.4203,92.1998,29,4.9,2004-12-26
2004,12,26,4:37:53,11.7544,92.9973,46,4.5,2004-12-26
2004,12,26,4:41:45,13.2981,93.2504,35,4.6,2004-12-26
2004,12,26,4:58:03,11.0307,92.048,22.3,5,2004-12-26
2004,12,26,5:20:27,12.2009,92.3589,23,5.2,2004-12-26
2004,12,26,5:34:53,12.5189,93.2029,35.2,4.3,2004-12-26
2004,12,26,5:51:16,13.3352,92.1038,35,4.5,2004-12-26
2004,12,26,6:22:00,10.6031,92.3765,25,5.5,2004-12-26
2004,12,26,6:56:47,11.0033,92.3087,21.2,5.2,2004-12-26
2004,12,26,7:38:27,13.1521,93.044,32,5.7,2004-12-26
2004,12,26,7:46:31,13.0091,93.2004,32,4.3,2004-12-26
2004,12,26,7:55:09,12.8005,93.2117,0,4.5,2004-12-26
2004,12,26,8:15:29,13.5018,92.727,22.7,4.6,2004-12-26
2004,12,26,8:26:16,12.9849,93.4475,0,4.1,2004-12-26
2004,12,26,9:03:41,13.6074,92.7026,15.9,4.8,2004-12-26
2004,12,26,9:51:45,11.0818,93.4376,0,4.4,2004-12-26
2004,12,26,10:19:31,13.4389,92.8296,24.3,6.1,2004-12-26
2004,12,26,10:57:41,12.426,92.3844,26,5.2,2004-12-26
2004,12,26,11:05:00,13.5744,92.8381,12,6.3,2004-12-26
2004,12,26,12:07:57,10.5735,92.0807,0,3.9,2004-12-26
2004,12,26,12:09:42,12.279,92.5723,16.7,5.3,2004-12-26
2004,12,26,12:11:57,11.5295,92.3076,21.4,5.3,2004-12-26
2004,12,26,12:39:02,10.9757,91.9951,24.9,4,2004-12-26
2004,12,26,12:43:53,10.5129,93.1709,0,4.1,2004-12-26
2004,12,26,12:46:09,13.0555,92.8169,0,3.9,2004-12-26
2004,12,26,13:16:07,10.7138,92.465,0,4.5,2004-12-26
2004,12,26,13:16:47,13.077,93.0076,32,4.7,2004-12-26
2004,12,26,13:43:23,13.1512,93.5256,0,4,2004-12-26
2004,12,26,13:46:16,13.6857,92.9284,29,4.3,2004-12-26
2004,12,26,14:14:20,13.5328,92.9392,29,4.8,2004-12-26
2004,12,26,14:15:47,13.4701,92.7468,29,4.4,2004-12-26
2004,12,26,14:40:29,11.4428,92.1664,21.9,5.2,2004-12-26
2004,12,26,14:48:43,13.5756,92.8797,20.6,5.8,2004-12-26
2004,12,26,15:23:11,10.6627,92.8055,53,4.1,2004-12-26
2004,12,26,15:41:57,12.0001,92.2169,27,4.5,2004-12-26
2004,12,26,16:14:42,10.5902,93.1145,0,4.2,2004-12-26
2004,12,26,16:44:19,13.6135,92.7613,17.5,4.3,2004-12-26
2004,12,26,17:16:40,13.1781,92.2073,0,4,2004-12-26
2004,12,26,17:50:12,13.6003,92.8339,21.8,5.1,2004-12-26
2004,12,26,17:56:34,12.9561,92.326,31,5.1,2004-12-26
2004,12,26,18:42:43,13.7005,92.9769,22.3,5.3,2004-12-26
2004,12,26,18:55:22,12.4568,92.7968,41,4.1,2004-12-26
2004,12,26,19:19:58,11.0051,92.2096,0,4.1,2004-12-26
2004,12,26,19:29:46,12.5077,92.6214,18.2,4.3,2004-12-26
2004,12,26,19:55:13,11.5357,92.2864,18.8,4.7,2004-12-26
2004,12,26,20:11:58,10.8854,92.6327,26,4,2004-12-26
2004,12,26,20:37:09,12.9245,92.4072,17.4,4.1,2004-12-26
2004,12,26,21:39:35,12.7649,92.5151,31,3.9,2004-12-26
2004,12,26,22:45:04,12.1257,92.6307,23,4.3,2004-12-26
2004,12,26,23:23:33,11.8056,92.7988,17,4.2,2004-12-26
2004,12,26,23:23:44,11.6047,93.0912,0,4.1,2004-12-26
2004,12,27,0:23:06,12.9067,92.8767,0,3.9,2004-12-27
2004,12,27,0:49:28,13.0016,92.3822,24.5,6,2004-12-27
2004,12,27,1:23:11,13.1494,93.078,32,4.8,2004-12-27
2004,12,27,1:29:16,13.211,92.5873,31,4.2,2004-12-27
2004,12,27,1:34:05,13.4159,93.4923,35,4.6,2004-12-27
2004,12,27,1:53:42,13.0885,92.1624,35,4.2,2004-12-27
2004,12,27,2:10:08,13.71,92.9765,29,4.4,2004-12-27
2004,12,27,2:37:52,13.6823,93.229,35,4.1,2004-12-27
2004,12,27,3:50:30,11.4578,92.6724,26,4,2004-12-27
2004,12,27,4:29:36,12.3921,92.3534,26,4.5,2004-12-27
2004,12,27,4:50:56,12.9785,92.6354,18.7,4.8,2004-12-27
2004,12,27,6:54:10,12.884,93.0157,32,4.2,2004-12-27
2004,12,27,6:55:06,12.2084,92.6319,23,4.1,2004-12-27
2004,12,27,7:15:05,11.4537,92.1783,31.5,4.6,2004-12-27
2004,12,27,7:32:38,12.493,92.3251,15.7,4.3,2004-12-27
2004,12,27,8:20:09,11.4756,92.1702,17.2,4.5,2004-12-27
2004,12,27,9:24:08,13.2942,93.0001,32,4.2,2004-12-27
2004,12,27,10:46:38,13.616,93.0512,25.7,5.2,2004-12-27
2004,12,27,10:46:48,13.6158,93.0562,29,5.3,2004-12-27
2004,12,27,11:06:47,10.8247,92.6796,26,4.1,2004-12-27
2004,12,27,11:54:29,13.6685,93.3504,0,3.5,2004-12-27
2004,12,27,12:13:59,12.7569,92.6741,24,5.1,2004-12-27
2004,12,27,12:14:09,12.818,92.8083,32,5,2004-12-27
2004,12,27,12:28:26,10.9413,92.3517,26,3.9,2004-12-27
2004,12,27,12:33:44,13.5748,93.0281,29,4,2004-12-27
2004,12,27,12:47:12,10.628,93.2038,0,4,2004-12-27
2004,12,27,13:38:55,12.944,92.4872,31.3,4.4,2004-12-27
2004,12,27,14:29:10,12.2668,92.4713,17.3,4.2,2004-12-27
2004,12,27,14:37:23,13.1062,93.1788,32,3.9,2004-12-27
2004,12,27,14:43:49,13.1868,92.6163,31,4.3,2004-12-27
2004,12,27,14:46:47,12.4335,92.4809,23.4,5.8,2004-12-27
2004,12,27,15:20:34,10.6701,93.5836,23.4,5,2004-12-27
2004,12,27,15:41:06,10.4684,92.8409,58.6,4.7,2004-12-27
2004,12,27,17:00:26,13.049,93.3396,58,3.6,2004-12-27
2004,12,27,17:09:03,10.4247,93.2496,53,4.1,2004-12-27
2004,12,27,17:13:12,13.3412,92.4779,31,4.1,2004-12-27
2004,12,27,17:23:40,13.6194,92.8137,29,4,2004-12-27
2004,12,27,17:27:24,11.2633,92.5542,26,3.6,2004-12-27
2004,12,27,18:11:47,13.5503,93.1875,29,4.2,2004-12-27
2004,12,27,19:10:53,13.2435,92.9633,0,3.7,2004-12-27
2004,12,27,19:13:18,11.6094,92.4283,23.9,5.5,2004-12-27
2004,12,27,19:16:06,11.5205,92.5321,21.4,5,2004-12-27
2004,12,27,20:08:15,13.6469,92.7714,29,4.3,2004-12-27
2004,12,27,20:23:17,11.3097,92.2985,0,3.9,2004-12-27
2004,12,27,20:42:57,12.2878,92.6548,0,4.1,2004-12-27
2004,12,27,21:24:42,13.6802,92.8987,31.5,4.7,2004-12-27
2004,12,27,22:19:41,12.0476,92.3565,23,4.5,2004-12-27
2004,12,27,22:58:12,12.7976,93.2486,41,4.1,2004-12-27
2004,12,28,2:44:25,12.4138,92.3855,26,4.2,2004-12-28
2004,12,28,2:58:42,11.6083,92.7991,0,3.7,2004-12-28
2004,12,28,3:13:50,11.7477,92.0333,0,3.7,2004-12-28
2004,12,28,3:15:12,13.0209,92.4108,31,4.1,2004-12-28
2004,12,28,4:07:08,11.4981,92.0498,29,3.9,2004-12-28
2004,12,28,6:52:43,13.6454,93.3111,0,3.5,2004-12-28
2004,12,28,7:21:01,11.4056,92.7619,44.7,4.7,2004-12-28
2004,12,28,8:33:57,13.0511,92.3906,0,3.7,2004-12-28
2004,12,28,10:20:07,13.465,92.9697,12,4.1,2004-12-28
2004,12,28,10:47:33,10.7588,92.2888,0,3.9,2004-12-28
2004,12,28,10:51:46,10.5416,92.2713,22.4,5.1,2004-12-28
2004,12,28,11:41:36,13.0655,92.6699,31,4.4,2004-12-28
2004,12,28,11:53:08,10.3241,92.9816,53,4.2,2004-12-28
2004,12,28,14:08:47,10.3481,93.0213,63,5.2,2004-12-28
2004,12,28,15:15:08,13.5281,92.3642,0,3.8,2004-12-28
2004,12,28,15:27:19,12.5406,93.1846,0,3.4,2004-12-28
2004,12,28,15:31:15,11.8698,92.7686,0,3.8,2004-12-28
2004,12,28,16:05:20,12.883,92.6684,32,3.9,2004-12-28
2004,12,28,16:55:55,13.4996,93.0792,0,3.6,2004-12-28
2004,12,28,18:38:39,12.5805,93.2365,0,3.7,2004-12-28
2004,12,28,18:45:58,13.1257,91.9132,35,4.3,2004-12-28
2004,12,28,19:19:37,10.3277,91.9694,0,3.9,2004-12-28
2004,12,28,20:11:46,11.7921,92.4199,23,4,2004-12-28
2004,12,28,20:20:20,13.0356,92.2603,31,4.2,2004-12-28
2004,12,28,20:29:59,11.1717,92.7864,0,4,2004-12-28
2004,12,28,20:54:39,12.7321,92.0949,35,4,2004-12-28
2004,12,28,22:13:27,12.9453,92.8798,0,3.9,2004-12-28
2004,12,28,22:16:54,13.6696,93.0412,29,4.9,2004-12-28
2004,12,28,22:30:27,13.2536,92.9479,0,3.6,2004-12-28
2004,12,28,22:33:06,13.6312,92.8696,13.9,4.3,2004-12-28
2004,12,28,22:44:56,13.3671,92.7966,0,3.9,2004-12-28
2004,12,28,23:39:59,11.0639,92.002,19.1,5.1,2004-12-28
2004,12,29,0:25:02,12.9346,93.1687,32,4.1,2004-12-29
2004,12,29,0:41:36,13.2442,93.0052,32,4.3,2004-12-29
2004,12,29,1:59:01,12.0911,92.1701,27,4.2,2004-12-29
2004,12,29,2:13:27,13.2117,92.5575,23.1,5.4,2004-12-29
2004,12,29,2:44:19,13.0829,92.2636,0,3.8,2004-12-29
2004,12,29,2:51:37,10.5371,92.3794,0,3.7,2004-12-29
2004,12,29,3:18:50,12.1166,92.915,45.3,3.6,2004-12-29
2004,12,29,3:34:19,13.1416,92.5611,0,3.9,2004-12-29
2004,12,29,3:43:59,12.7663,92.4172,13.2,4.4,2004-12-29
2004,12,29,4:15:03,13.367,92.4563,18,3.9,2004-12-29
2004,12,29,4:27:57,12.7956,92.4895,0,3.9,2004-12-29
2004,12,29,6:28:49,12.9657,92.5512,31,4.7,2004-12-29
2004,12,29,6:30:43,13.2183,92.5427,32,5.2,2004-12-29
2004,12,29,9:25:43,11.8551,92.1381,23,4.1,2004-12-29
2004,12,29,10:12:18,10.3059,92.1204,21.1,4.8,2004-12-29
2004,12,29,12:07:09,12.4828,93.0172,0,3.9,2004-12-29
2004,12,29,13:16:38,13.355,92.4155,29,4,2004-12-29
2004,12,29,14:34:03,13.3531,92.6028,23.8,4.8,2004-12-29
2004,12,29,14:42:05,12.3179,92.4172,26,4.1,2004-12-29
2004,12,29,14:50:05,12.5625,92.6327,0,3.7,2004-12-29
2004,12,29,15:01:37,12.7827,92.4426,26,4,2004-12-29
2004,12,29,15:36:28,11.2865,91.9936,20.3,4.9,2004-12-29
2004,12,29,17:29:54,12.3547,92.5748,0,3.7,2004-12-29
2004,12,29,17:50:39,12.8053,92.1363,0,3.4,2004-12-29
2004,12,29,17:51:58,13.35,92.9985,29,4.2,2004-12-29
2004,12,29,18:25:51,12.0382,92.9044,0,3.7,2004-12-29
2004,12,29,18:35:51,11.139,92.0682,27,4.4,2004-12-29
2004,12,29,19:13:36,13.3444,92.75,0,3.6,2004-12-29
2004,12,29,20:35:40,13.656,93.0604,0,3.5,2004-12-29
2004,12,29,20:43:39,10.3013,92.3179,0,3.3,2004-12-29
2004,12,29,20:54:34,13.4847,93.034,0,3.7,2004-12-29
2004,12,29,21:09:48,13.7106,92.8061,0,3.8,2004-12-29
2004,12,29,22:19:33,12.3882,92.4365,0,3.7,2004-12-29
2004,12,30,0:39:33,12.5505,92.4244,0,3.6,2004-12-30
2004,12,30,0:56:01,10.5839,92.6229,0,3.6,2004-12-30
2004,12,30,4:56:27,13.2791,92.1563,0,3.8,2004-12-30
2004,12,30,5:15:34,10.6085,92.9441,53,4.1,2004-12-30
2004,12,30,9:53:29,13.0448,92.7917,0,3.8,2004-12-30
2004,12,30,9:53:57,11.2948,91.9058,29,4.8,2004-12-30
2004,12,30,10:54:19,12.1412,92.3486,23,3.9,2004-12-30
2004,12,30,10:59:37,13.3777,91.9239,35,4.6,2004-12-30
2004,12,30,12:19:44,11.6708,92.8694,0,3.5,2004-12-30
2004,12,30,12:36:21,13.0579,92.1295,35,3.8,2004-12-30
2004,12,30,14:18:04,11.4674,91.9496,29,3.9,2004-12-30
2004,12,30,14:33:23,11.1248,92.5691,0,3.9,2004-12-30
2004,12,30,16:10:23,10.2852,92.6369,0,3.9,2004-12-30
2004,12,30,17:58:10,12.2743,92.4295,20.8,5.8,2004-12-30
2004,12,30,18:04:01,13.095,93.4944,10,4.6,2004-12-30
2004,12,30,18:12:08,12.149,92.4316,21.8,3.7,2004-12-30
2004,12,30,19:31:29,10.6379,92.4241,0,3.7,2004-12-30
2004,12,30,20:26:36,13.2673,91.985,0,3.6,2004-12-30
2004,12,31,3:56:54,13.6254,92.8204,0,4.1,2004-12-31
2004,12,31,4:12:46,10.8082,92.6414,0,3.7,2004-12-31
2004,12,31,5:53:55,11.1255,91.9937,21,5.2,2004-12-31
2004,12,31,6:08:22,13.5837,92.7051,0,4.3,2004-12-31
2004,12,31,6:59:06,10.846,92.4059,0,3.5,2004-12-31
2004,12,31,7:50:50,10.6735,93.526,0,3.9,2004-12-31
2004,12,31,8:14:22,13.0495,93.1186,0,3.5,2004-12-31
2004,12,31,11:14:30,11.2012,92.6172,0,3.7,2004-12-31
2004,12,31,14:16:06,13.6183,93.5104,35,4.2,2004-12-31
2004,12,31,16:01:03,13.6876,93.0056,29,4.4,2004-12-31
2004,12,31,16:31:41,13.5654,93.3676,0,3.4,2004-12-31
2004,12,31,18:29:15,11.804,92.1389,0,3.6,2004-12-31
2004,12,31,20:46:49,10.9563,92.3047,0,3.8,2004-12-31
2004,12,31,21:40:04,13.7198,93.0857,0,3.6,2004-12-31
2004,12,31,22:05:49,12.3816,92.6433,26,4.4,2004-12-31
2004,12,31,23:01:05,13.5156,92.9223,0,3.6,2004-12-31
2004,12,31,23:05:23,13.1554,92.431,31,4.3,2004-12-31
2005,1,1,18:24:07,12.393,92.4941,26,4.9,2005-01-01
2005,1,2,7:21:28,11.9136,92.2,27,4.6,2005-01-02
2005,1,2,20:41:30,11.2608,92.1832,14.7,4.6,2005-01-02
2005,1,3,9:14:03,10.6351,92.2395,25.1,5.1,2005-01-03
2005,1,4,9:13:12,10.7327,92.421,19.4,6,2005-01-04
2005,1,4,9:17:51,10.6018,92.2425,29,5.3,2005-01-04
2005,1,5,8:33:00,13.0553,92.4996,28,5.2,2005-01-05
2005,1,5,14:01:31,12.9101,92.9125,32,4.7,2005-01-05
2005,1,6,1:50:21,12.1561,92.8263,41,4.7,2005-01-06
2005,1,7,1:43:45,13.7248,92.9311,30.5,4.1,2005-01-07
2005,1,7,6:44:41,10.5707,92.2727,0,3.6,2005-01-07
2005,1,7,8:39:34,11.9471,92.0455,27,3.8,2005-01-07
2005,1,7,10:07:18,13.4467,92.6815,0,3.7,2005-01-07
2005,1,7,12:27:47,10.718,92.9068,0,3.9,2005-01-07
2005,1,7,12:29:56,13.19,93.2877,58,3.7,2005-01-07
2005,1,7,12:31:25,13.5359,92.8609,29,4.2,2005-01-07
2005,1,7,13:15:50,13.2046,93.2204,0,3.6,2005-01-07
2005,1,7,21:08:24,13.1714,93.3514,0,3.5,2005-01-07
2005,1,8,0:16:08,13.5633,93.2835,35,3.7,2005-01-08
2005,1,8,2:48:21,12.4596,93.144,41,4.8,2005-01-08
2005,1,8,5:30:45,10.6201,91.9171,22.2,5.1,2005-01-08
2005,1,8,11:59:36,12.559,92.7807,41,3.7,2005-01-08
2005,1,8,12:24:24,10.4329,92.0984,114.4,3.3,2005-01-08
2005,1,8,12:31:35,11.3838,92.7441,27.7,4.7,2005-01-08
2005,1,8,20:02:13,11.484,92.2403,29,4.7,2005-01-08
2005,1,8,23:26:08,12.9381,91.946,35,3.6,2005-01-08
2005,1,9,3:57:59,11.3545,92.6237,26,3.9,2005-01-09
2005,1,9,13:52:37,13.1985,93.0672,0,3.5,2005-01-09
2005,1,9,17:35:03,12.3067,91.9942,13.1,3.9,2005-01-09
2005,1,9,20:19:05,13.5559,93.0449,29,3.9,2005-01-09
2005,1,9,20:43:39,10.5968,92.1502,0,3.8,2005-01-09
2005,1,9,21:20:55,10.42,92.0493,0,3.3,2005-01-09
2005,1,9,22:00:28,13.469,93.58,0,3.4,2005-01-09
2005,1,9,23:20:38,10.5612,92.2399,31.5,4.9,2005-01-09
2005,1,10,3:53:22,13.0641,93.5045,0,3.6,2005-01-10
2005,1,10,10:05:51,13.0304,93.3611,0,3.2,2005-01-10
2005,1,10,10:54:46,13.3181,92.7254,0,3.7,2005-01-10
2005,1,10,11:45:19,13.145,92.7859,0,3.5,2005-01-10
2005,1,10,15:20:17,13.6525,93.1554,12.2,4.8,2005-01-10
2005,1,10,19:23:46,13.7178,92.9416,29,3.5,2005-01-10
2005,1,10,21:28:56,12.3745,93.0711,0,3.5,2005-01-10
2005,1,10,22:33:46,13.2438,92.6213,29,3.9,2005-01-10
2005,1,10,23:37:21,12.585,92.0489,0,3.6,2005-01-10
2005,1,10,23:45:06,10.444,92.6386,34.2,4.6,2005-01-10
2005,1,11,9:49:26,11.3038,93.0499,0,3.7,2005-01-11
2005,1,11,10:41:33,13.095,92.3205,31,4.2,2005-01-11
2005,1,11,11:03:32,10.9744,91.9172,27,4.2,2005-01-11
2005,1,11,11:29:55,10.9062,92.03,27,4.4,2005-01-11
2005,1,11,14:31:45,10.9951,91.9414,27,4.3,2005-01-11
2005,1,11,16:22:14,11.1148,93.0901,54,4,2005-01-11
2005,1,11,17:56:52,12.9438,93.0448,58,3.9,2005-01-11
2005,1,11,19:05:12,10.5389,92.0694,0,3.6,2005-01-11
2005,1,11,22:46:21,10.3037,92.7218,23.4,3.6,2005-01-11
2005,1,11,22:55:49,11.9158,92.1504,24.1,4.7,2005-01-11
2005,1,12,0:09:39,12.5807,92.2658,0,3.4,2005-01-12
2005,1,12,0:59:22,13.649,92.6093,29,4,2005-01-12
2005,1,12,2:57:15,10.3447,91.953,0,4,2005-01-12
2005,1,12,4:21:48,12.6257,92.4676,26,4.1,2005-01-12
2005,1,12,8:12:40,11.3092,92.3361,0,3.9,2005-01-12
2005,1,12,16:52:50,12.7326,92.6542,0,3.6,2005-01-12
2005,1,12,18:25:14,13.2831,93.1348,0,3.3,2005-01-12
2005,1,12,19:50:01,13.5807,92.8,29,4.4,2005-01-12
2005,1,12,22:56:18,13.0449,92.5443,0,3.4,2005-01-12
2005,1,13,5:30:21,11.8966,92.1589,22.5,4.7,2005-01-13
2005,1,13,9:02:44,13.4207,92.3486,29,3.6,2005-01-13
2005,1,13,11:18:56,13.2296,92.8452,0,3.6,2005-01-13
2005,1,13,11:52:14,12.9718,91.9527,0,3.8,2005-01-13
2005,1,13,22:45:02,13.5403,92.7405,29,3.7,2005-01-13
2005,1,14,6:11:51,12.9262,92.0393,26.8,4,2005-01-14
2005,1,14,6:56:41,11.0796,92.8201,0,3.9,2005-01-14
2005,1,14,11:38:43,11.9155,92.1087,23,3.9,2005-01-14
2005,1,14,17:05:21,11.3858,92.8928,10,3.6,2005-01-14
2005,1,14,17:48:46,11.9926,92.4327,23,4.2,2005-01-14
2005,1,14,21:28:43,13.6541,93.1444,29,3.5,2005-01-14
2005,1,15,5:52:06,13.2169,93.5185,35,3.9,2005-01-15
2005,1,15,13:40:28,13.6189,92.7148,0,3.5,2005-01-15
2005,1,16,1:36:42,12.9008,92.0112,35,4.1,2005-01-16
2005,1,16,2:56:24,13.1696,92.1503,35,4.1,2005-01-16
2005,1,16,7:28:05,10.851,92.0055,27,4.5,2005-01-16
2005,1,16,8:30:22,10.9997,92.8396,0,3.8,2005-01-16
2005,1,16,13:24:20,13.0458,93.1507,32,4,2005-01-16
2005,1,16,21:20:37,13.3992,92.5758,0,3.6,2005-01-16
2005,1,16,23:54:01,11.9556,92.9521,41,3.5,2005-01-16
2005,1,17,7:05:28,10.4527,91.9159,0,3.8,2005-01-17
2005,1,17,17:19:23,10.9131,92.085,26.4,4.5,2005-01-17
2005,1,17,18:21:58,10.28,92.8943,0,3.3,2005-01-17
2005,1,17,18:59:33,11.3365,92.3907,0,3.4,2005-01-17
2005,1,17,21:04:46,13.5004,93.42,0,3.6,2005-01-17
2005,1,17,23:53:46,11.7122,92.0162,0,3.4,2005-01-17
2005,1,18,1:08:10,13.1007,92.2577,31,4.2,2005-01-18
2005,1,18,2:36:45,10.6043,91.9497,23.6,4.8,2005-01-18
2005,1,18,3:36:20,13.6861,92.709,29,4.2,2005-01-18
2005,1,18,7:07:24,12.3951,93.4673,0,3.6,2005-01-18
2005,1,18,9:23:53,13.5873,92.8496,19.9,4.4,2005-01-18
2005,1,19,5:39:47,11.2689,91.952,0,3.5,2005-01-19
2005,1,19,10:42:51,12.7227,93.0904,41,3.8,2005-01-19
2005,1,19,11:01:44,12.8327,92.2699,35,3.8,2005-01-19
2005,1,19,19:03:18,12.0489,92.9867,41,3.8,2005-01-19
2005,1,19,22:42:23,11.4418,92.5964,26,3.5,2005-01-19
2005,1,19,22:46:59,13.3028,92.0953,35,4.9,2005-01-19
2005,1,20,15:17:38,13.2041,92.476,31,4.8,2005-01-20
2005,1,20,15:40:48,12.7276,92.6998,0,3.8,2005-01-20
2005,1,20,18:43:55,13.4922,93.1048,0,3.4,2005-01-20
2005,1,20,20:50:14,11.8447,92.0265,0,3.6,2005-01-20
2005,1,21,19:01:32,11.2223,91.997,0,3.6,2005-01-21
2005,1,21,20:06:34,13.213,92.6288,31,3.9,2005-01-21
2005,1,21,22:21:31,10.95,92.1404,21,4.6,2005-01-21
2005,1,21,22:54:23,11.1626,92.0574,27,3.9,2005-01-21
2005,1,22,5:05:11,13.5464,92.8112,29,4.1,2005-01-22
2005,1,22,10:05:12,10.8321,92.5976,0,3.9,2005-01-22
2005,1,22,15:51:32,13.4581,91.9079,0,3.4,2005-01-22
2005,1,23,8:22:15,13.6243,92.76,29.2,4.7,2005-01-23
2005,1,23,10:42:25,11.1347,92.0069,27,3.6,2005-01-23
2005,1,23,15:06:10,13.5052,92.784,0,3.3,2005-01-23
2005,1,23,15:59:40,13.6264,93.2344,35,3.7,2005-01-23
2005,1,23,16:04:25,12.7254,92.8371,17.6,4,2005-01-23
2005,1,23,16:08:27,13.2912,92.9747,0,3.2,2005-01-23
2005,1,23,17:36:03,10.5499,92.0491,0,3.3,2005-01-23
2005,1,23,17:44:43,13.5839,93.002,29,3.8,2005-01-23
2005,1,23,19:42:37,13.5158,92.744,29,4,2005-01-23
2005,1,24,7:14:04,10.4967,92.8814,53,4.2,2005-01-24
2005,1,24,16:51:18,10.4873,92.1913,0,3.5,2005-01-24
2005,1,24,18:01:37,10.5005,92.8575,0,4.4,2005-01-24
2005,1,24,20:35:02,12.1425,92.0815,27,3.7,2005-01-24
2005,1,25,1:34:21,10.4303,93.2186,35,3.8,2005-01-25
2005,1,25,1:38:44,13.1331,92.4072,31,4.2,2005-01-25
2005,1,25,16:07:31,11.7372,92.257,26,4.1,2005-01-25
2005,1,25,17:25:09,11.6675,92.007,29,3.7,2005-01-25
2005,1,25,17:56:59,13.0336,92.7987,0,3.6,2005-01-25
2005,1,25,22:47:47,13.6002,92.7647,0,3.5,2005-01-25
2005,1,26,0:23:12,10.4892,92.0081,0,3.9,2005-01-26
2005,1,26,0:29:46,10.5846,92.28,29,4.4,2005-01-26
2005,1,26,3:26:55,12.7773,92.4269,0,3.4,2005-01-26
2005,1,26,5:14:36,13.6553,92.5521,29,4.2,2005-01-26
2005,1,26,11:14:33,11.1763,91.9806,0,3.3,2005-01-26
2005,1,27,2:34:54,12.5502,93.4589,0,3.8,2005-01-27
2005,1,27,5:35:23,13.4707,92.7637,29,4.9,2005-01-27
2005,1,27,12:23:56,13.2339,93.0624,32,4.5,2005-01-27
2005,1,28,2:38:54,12.884,92.391,31,4,2005-01-28
2005,1,28,3:16:52,11.5206,92.4288,0,4,2005-01-28
2005,1,28,6:25:04,13.3136,92.5425,29,4.3,2005-01-28
2005,1,28,9:02:08,11.4405,92.9876,76.8,3.6,2005-01-28
2005,1,28,13:32:50,12.3934,92.8869,0,3.6,2005-01-28
2005,1,28,21:20:15,10.3169,92.6929,29,4.2,2005-01-28
2005,1,29,4:08:17,12.0456,92.2886,23,4.1,2005-01-29
2005,1,29,5:42:57,13.3442,92.1138,0,3.6,2005-01-29
2005,1,29,5:44:12,13.1691,92.9817,22.7,5.5,2005-01-29
2005,1,29,17:38:07,11.6958,92.272,26,3.7,2005-01-29
2005,1,29,19:39:17,13.7071,93.0092,29,3.9,2005-01-29
2005,1,29,22:59:55,12.4838,92.2726,28.7,4.8,2005-01-29
2005,1,30,3:37:35,13.1784,93.0015,29,4.6,2005-01-30
2005,1,30,7:02:25,13.2512,92.9004,28.5,5,2005-01-30
2005,1,31,3:02:50,13.4066,92.8322,29,4.8,2005-01-31
2005,1,31,9:19:27,13.657,92.6832,29,4.3,2005-01-31
2005,2,1,4:41:33,12.7229,92.46,24.8,4.9,2005-02-01
2005,2,5,1:58:10,13.4982,92.757,23,4.6,2005-02-05
2005,2,5,8:14:03,13.7203,92.7556,29,4.5,2005-02-05
2005,2,6,23:01:42,13.483,91.9988,35,4.5,2005-02-06
2005,2,7,1:26:54,13.4984,92.7213,29,4.2,2005-02-07
2005,2,7,15:57:52,10.6736,92.3509,29,4.7,2005-02-07
2005,2,9,1:39:10,13.6568,92.6996,29,4.3,2005-02-09
2005,2,9,12:49:29,10.8938,93.2877,50,4,2005-02-09
2005,2,9,21:45:45,10.7851,93.4237,50,4,2005-02-09
2005,2,10,4:03:32,12.9101,92.9234,0,3.6,2005-02-10
2005,2,10,11:46:33,10.4294,92.2772,0,3.5,2005-02-10
2005,2,11,5:14:19,10.639,93.2659,25,3.9,2005-02-11
2005,2,11,19:43:22,13.3528,92.9518,0,3.3,2005-02-11
2005,2,12,13:03:23,13.0575,92.5051,0,3.2,2005-02-12
2005,2,13,6:34:08,12.016,93.454,30,3.9,2005-02-13
2005,2,13,9:48:41,11.7353,92.6065,0,3.6,2005-02-13
2005,2,13,10:23:50,13.0381,93.2045,39.4,4.6,2005-02-13
2005,2,13,12:37:28,12.6615,92.1918,111.8,3.2,2005-02-13
2005,2,13,12:43:34,12.7444,92.4354,0,3.3,2005-02-13
2005,2,14,5:02:56,13.1431,92.4936,31,4,2005-02-14
2005,2,14,18:37:54,12.4046,92.9187,0,3.6,2005-02-14
2005,2,14,22:06:31,13.5015,92.8518,29,3.9,2005-02-14
2005,2,15,2:01:30,13.4909,92.9787,0,3.7,2005-02-15
2005,2,15,2:32:03,13.467,92.9842,20,4.2,2005-02-15
2005,2,16,0:16:04,13.6203,92.9415,29,4.1,2005-02-16
2005,2,16,3:14:51,13.4595,93.4383,0,3.8,2005-02-16
2005,2,16,4:42:37,13.4962,92.6598,0,4,2005-02-16
2005,2,16,6:36:42,13.6282,92.8117,29,4.4,2005-02-16
2005,2,16,15:56:08,13.082,92.2219,10,3.8,2005-02-16
2005,2,17,11:10:44,13.6884,92.8545,29,4.2,2005-02-17
2005,2,17,16:18:20,11.953,92.8785,25,3.7,2005-02-17
2005,2,17,16:25:14,13.2642,92.4323,0,3.6,2005-02-17
2005,2,17,20:13:23,13.1381,92.2563,35,4,2005-02-17
2005,2,18,13:59:06,10.7337,92.1149,0,3.4,2005-02-18
2005,2,18,17:10:29,13.3499,92.9191,0,3.2,2005-02-18
2005,2,18,22:45:27,12.956,92.5763,0,3.4,2005-02-18
2005,2,19,18:32:13,12.7443,92.3231,26,3.8,2005-02-19
2005,2,19,20:04:44,12.664,92.3038,0,3.5,2005-02-19
2005,2,20,11:43:42,11.3978,92.1667,31.4,5,2005-02-20
2005,2,20,15:05:40,10.3968,92.4327,0,3.4,2005-02-20
2005,2,20,18:09:35,12.8843,91.952,0,3.6,2005-02-20
2005,2,20,18:26:42,13.151,92.9569,0,3.1,2005-02-20
2005,2,20,23:20:31,13.7186,92.9047,29,4.1,2005-02-20
2005,2,21,0:39:36,13.3932,92.6968,29,3.8,2005-02-21
2005,2,21,2:06:50,13.2906,92.3706,0,3.6,2005-02-21
2005,2,24,9:03:29,11.6654,92.9406,0,3.6,2005-02-24
2005,2,24,18:06:51,12.0861,92.2321,0,3.6,2005-02-24
2005,2,25,12:35:10,13.0396,92.8707,0,3.5,2005-02-25
2005,2,25,15:45:02,12.6623,92.0788,0,3.6,2005-02-25
2005,2,26,9:59:03,11.9133,92.0474,27,4.5,2005-02-26
2005,2,27,7:13:13,13.3964,92.429,29,3.9,2005-02-27
2005,2,27,13:37:51,13.334,92.5933,0,3.5,2005-02-27
2005,2,27,15:02:39,12.6093,92.3743,0,3.7,2005-02-27
2005,2,27,16:14:50,12.9928,93.3924,58,3.5,2005-02-27
2005,2,28,6:50:15,12.9472,92.6498,0,3.6,2005-02-28
2005,2,28,11:05:29,12.9531,93.1501,0,3.5,2005-02-28
2005,3,1,10:43:08,12.6937,92.1435,0,3.3,2005-03-01
2005,3,1,12:02:20,11.8986,92.062,26.9,4,2005-03-01
2005,3,3,1:00:23,10.5863,92.6971,0,3.9,2005-03-03
2005,3,3,18:28:15,13.0103,92.9856,32,4,2005-03-03
2005,3,4,1:30:18,10.9334,92.302,26,4.1,2005-03-04
2005,3,4,20:25:53,11.5813,92.0642,26,3.8,2005-03-04
2005,3,5,5:26:31,11.2048,92.2711,0,3.6,2005-03-05
2005,3,5,16:04:37,12.974,92.4572,0,3.4,2005-03-05
2005,3,5,20:49:12,11.7958,92.2788,0,3.6,2005-03-05
2005,3,6,18:39:46,12.7762,93.0601,0,3.5,2005-03-06
2005,3,6,20:20:41,12.8003,92.8071,32,3.4,2005-03-06
2005,3,7,10:04:29,10.7996,93.5224,42.6,4.6,2005-03-07
2005,3,7,10:53:07,11.0221,92.0929,0,3.7,2005-03-07
2005,3,7,17:32:54,11.6455,92.5662,26,3.9,2005-03-07
2005,3,8,19:58:06,13.5813,93.0276,35,3.3,2005-03-08
2005,3,9,15:48:55,13.2573,91.9821,0,3.6,2005-03-09
2005,3,11,12:12:46,12.6051,92.9691,0,3.8,2005-03-11
2005,3,11,23:07:58,13.5584,93.5852,35,3.7,2005-03-11
2005,3,12,12:42:24,10.7441,92.1073,26,4,2005-03-12
2005,3,12,16:09:05,10.7052,92.1752,27,4.1,2005-03-12
2005,3,13,2:18:43,11.5095,93.0132,67.3,5,2005-03-13
2005,3,13,6:24:38,11.3605,92.4835,0,3.6,2005-03-13
2005,3,13,9:36:37,12.3476,92.2149,35,4.1,2005-03-13
2005,3,13,11:00:03,10.6033,92.0882,29,4.4,2005-03-13
2005,3,14,4:04:09,11.1151,91.9951,26.4,4.6,2005-03-14
2005,3,14,9:11:54,13.609,93.3574,107,2.9,2005-03-14
2005,3,14,18:39:17,11.5802,92.1714,57.9,3.2,2005-03-14
2005,3,14,21:49:04,12.207,92.3381,25.7,4.7,2005-03-14
2005,3,16,7:34:06,12.7117,93.0908,0,3.5,2005-03-16
2005,3,16,9:26:05,11.0463,92.1799,27,4.3,2005-03-16
2005,3,17,1:08:31,13.2463,92.4997,31,3.8,2005-03-17
2005,3,18,5:11:57,12.2126,92.3082,0,3.6,2005-03-18
2005,3,20,3:33:35,11.547,92.3492,24.6,4.2,2005-03-20
2005,3,20,17:05:45,13.4972,92.3832,29,3.4,2005-03-20
2005,3,21,14:14:10,12.3044,92.4358,25.2,5,2005-03-21
2005,3,22,9:38:28,13.0369,92.507,37.7,5.2,2005-03-22
2005,3,23,9:17:04,12.2587,92.4272,23.5,4.9,2005-03-23
2005,3,23,20:30:11,10.3787,92.9787,53,4.2,2005-03-23
2005,3,25,4:01:29,13.3175,92.427,25.4,3.9,2005-03-25
2005,3,26,0:03:26,12.9533,93.0188,32,4,2005-03-26
2005,3,26,1:13:54,12.7272,93.2093,41,3.7,2005-03-26
2005,3,26,11:44:53,10.3812,92.0134,0,3.3,2005-03-26
2005,3,27,15:09:47,10.8425,92.1831,27,4.2,2005-03-27
2005,3,28,18:36:56,13.4589,92.8032,29,4.2,2005-03-28
2005,3,30,14:14:03,13.2232,93.0005,0,3.6,2005-03-30
2005,3,31,0:20:34,10.8666,92.6992,28,4.5,2005-03-31
2005,3,31,0:30:32,11.4108,92.9311,0,3.4,2005-03-31
2005,3,31,10:18:55,12.3443,92.2286,35,3.9,2005-03-31
2005,4,1,14:11:46,13.2427,92.7493,25.8,4.6,2005-04-01
2005,4,1,19:21:51,13.1426,92.7905,27.6,4.9,2005-04-01
2005,4,2,19:36:38,10.9287,92.2051,17.4,3.9,2005-04-02
2005,4,6,10:58:27,12.7675,92.0882,35,3.5,2005-04-06
2005,4,7,12:12:52,12.6434,92.287,0,3.6,2005-04-07
2005,4,7,12:56:02,12.1275,93.5447,0,3.3,2005-04-07
2005,4,7,16:50:26,13.0801,93.2495,0,3.1,2005-04-07
2005,4,8,10:03:56,13.2218,93.558,35,3.9,2005-04-08
2005,4,8,13:27:28,13.484,93.096,29,3.9,2005-04-08
2005,4,9,0:53:49,13.1906,92.7358,0,3.6,2005-04-09
2005,4,9,1:10:18,13.1461,92.421,31,4,2005-04-09
2005,4,9,7:37:54,13.6309,93.2454,101.4,3.1,2005-04-09
2005,4,10,2:23:49,10.5557,92.1699,27.9,4.9,2005-04-10
2005,4,11,20:32:21,11.7409,92.8598,46,3.9,2005-04-11
2005,4,12,13:06:00,10.4957,92.7574,35,4.3,2005-04-12
2005,4,13,1:43:14,13.546,92.7039,29,4.5,2005-04-13
2005,4,13,21:29:46,13.4833,92.8606,0,3.7,2005-04-13
2005,4,15,23:28:24,10.4261,92.6737,29,4,2005-04-15
2005,4,16,20:51:54,12.2832,92.7943,41,4,2005-04-16
2005,4,17,8:14:21,13.5149,93.4062,0,3.7,2005-04-17
2005,4,17,11:51:10,10.9482,93.3028,0,3.9,2005-04-17
2005,4,17,23:21:25,10.8463,92.1206,27,4.1,2005-04-17
2005,4,18,23:04:33,10.2848,93.0549,0,3.5,2005-04-18
2005,4,19,20:15:36,13.276,93.2733,0,3.3,2005-04-19
2005,4,20,7:47:51,10.9612,92.6916,40.8,4.3,2005-04-20
2005,4,20,9:20:44,10.3397,93.1644,0,4,2005-04-20
2005,4,22,6:47:25,13.1528,92.3273,0,4,2005-04-22
2005,4,22,9:49:34,13.1801,93.2335,60.6,3.6,2005-04-22
2005,4,22,19:31:51,11.9154,93.1888,101.3,3.1,2005-04-22
2005,4,23,18:49:34,13.2129,91.9446,35,4,2005-04-23
2005,4,24,19:57:08,13.0352,92.965,32,3.8,2005-04-24
2005,4,25,8:31:58,12.4092,92.602,0,3.5,2005-04-25
2005,4,27,6:45:39,12.8219,93.1338,0,3.4,2005-04-27
2005,4,27,20:37:38,11.617,92.715,0,3.4,2005-04-27
2005,4,28,18:02:14,11.3876,92.0871,18.8,4.1,2005-04-28
2005,5,1,7:39:29,12.1346,92.4263,23,3.9,2005-05-01
2005,5,1,21:36:37,13.6198,92.8518,25.6,4.4,2005-05-01
2005,5,6,11:45:21,13.306,93.0281,0,3.5,2005-05-06
2005,5,9,7:56:50,12.8095,93.1557,32,3.8,2005-05-09
2005,5,9,17:38:01,10.7125,92.0248,23.9,4,2005-05-09
2005,5,9,18:23:52,10.6751,91.9668,29,3.8,2005-05-09
2005,5,11,11:57:17,12.0413,92.3752,0,3.9,2005-05-11
2005,5,11,11:58:26,13.2418,92.8345,0,3.5,2005-05-11
2005,5,13,3:05:15,13.0135,92.3309,31,3.9,2005-05-13
2005,5,16,3:23:57,13.2002,92.9789,0,3.7,2005-05-16
2005,5,18,20:57:47,13.7221,92.9764,0,3.4,2005-05-18
2005,5,19,18:27:48,12.5449,93.2246,10,3.8,2005-05-19
2005,5,22,16:23:21,12.6184,92.4621,0,3.3,2005-05-22
2005,5,25,7:51:20,12.7559,93.2241,32,4.3,2005-05-25
2005,5,25,8:40:55,12.7972,93.062,0,3.3,2005-05-25
2005,5,25,17:56:36,12.2832,93.4682,0,3.3,2005-05-25
2005,5,27,18:31:13,13.0138,92.5188,31,3.8,2005-05-27
2005,5,29,1:59:28,11.9538,92.066,27,4.3,2005-05-29
2005,5,29,13:45:43,12.8254,92.658,19.3,3.9,2005-05-29
2005,6,3,14:39:45,12.3902,93.0167,0,3.5,2005-06-03
2005,6,4,13:43:58,11.5319,92.0938,0,3.7,2005-06-04
2005,6,4,13:55:14,11.6629,92.043,29,4.1,2005-06-04
2005,6,7,5:03:20,12.9097,93.1866,32,4.4,2005-06-07
2005,6,7,5:03:37,13.2134,93.2319,35,4.3,2005-06-07
2005,6,7,5:49:16,12.1001,92.1168,27,3.9,2005-06-07
2005,6,7,16:52:19,13.0672,93.3468,58,3.8,2005-06-07
2005,6,8,1:53:31,11.1358,92.5847,0,3.5,2005-06-08
2005,6,8,21:33:19,12.9354,93.3518,58,3.5,2005-06-08
2005,6,9,8:53:13,10.4713,91.9501,0,3.9,2005-06-09
2005,6,12,16:56:44,13.0854,92.4494,31,3.8,2005-06-12
2005,6,12,20:23:01,10.4999,91.9159,29,3.9,2005-06-12
2005,6,13,15:34:24,12.653,92.4205,0,3.5,2005-06-13
2005,6,13,17:14:18,13.7028,92.634,29,4.4,2005-06-13
2005,6,15,6:15:21,12.2426,92.2955,23,4.2,2005-06-15
2005,6,15,18:54:19,11.769,92.2027,0,3.7,2005-06-15
2005,6,18,1:58:57,13.2342,92.3779,0,3.7,2005-06-18
2005,6,19,2:44:56,13.4446,92.6756,17.6,4.1,2005-06-19
2005,6,20,2:11:25,12.9384,92.9671,0,3.8,2005-06-20
2005,6,22,2:23:45,11.4016,91.9905,0,3.5,2005-06-22
2005,6,22,15:00:55,11.6752,92.7184,50,4.2,2005-06-22
2005,6,22,20:00:17,10.3728,92.0638,0,4,2005-06-22
2005,6,28,5:22:08,10.6354,92.0155,29,4.1,2005-06-28
2005,6,28,6:41:07,12.0434,92.3159,23,4.2,2005-06-28
2005,6,29,8:06:55,13.2791,93.3597,0,3.8,2005-06-29
2005,6,30,21:17:36,12.7105,92.1165,0,3.3,2005-06-30
2005,7,3,12:27:19,11.7363,93.1336,46,3.9,2005-07-03
2005,7,5,5:03:07,10.4518,92.2283,29,4.4,2005-07-05
2005,7,9,12:58:18,13.6825,92.8264,29,4.2,2005-07-09
2005,7,12,1:34:15,12.8806,93.1894,0,3.8,2005-07-12
2005,7,13,0:29:29,10.4304,92.9677,49.2,5.4,2005-07-13
2005,7,14,21:53:30,12.9962,93.3263,58,3.7,2005-07-14
2005,7,16,0:11:21,12.7201,93.353,58,4.2,2005-07-16
2005,7,22,22:45:41,13.0677,93.3202,58,4.6,2005-07-22
2005,7,23,10:16:31,12.7576,93.2732,44.5,3.9,2005-07-23
2005,7,26,20:59:04,11.3997,92.1109,23.1,4.8,2005-07-26
2005,7,29,21:46:23,10.8335,93.1464,53,4.5,2005-07-29
2005,7,30,23:46:02,13.021,93.2723,58,4.2,2005-07-30
2005,7,31,19:46:06,12.6575,92.0241,19,3.7,2005-07-31
2005,8,3,7:33:10,11.5013,92.7157,26,4.4,2005-08-03
2005,8,9,15:16:10,13.7138,93.0716,29,4.3,2005-08-09
2005,8,14,20:18:07,13.2283,92.4399,31,4.7,2005-08-14
2005,8,18,13:57:31,13.1496,93.1237,32,4.2,2005-08-18
2005,8,19,17:43:00,12.9932,92.3951,0,3.9,2005-08-19
2005,8,21,8:27:20,13.1221,92.2164,28.8,4.4,2005-08-21
2005,8,23,8:35:26,11.4073,92.2399,0,3.9,2005-08-23
2005,8,29,14:44:47,10.9743,92.114,34.7,5.2,2005-08-29
2005,9,1,0:25:29,12.7657,92.3016,0,3.7,2005-09-01
2005,9,1,7:27:12,12.1108,92.605,0,3.8,2005-09-01
2005,9,4,19:06:13,13.0388,92.1401,35,4.1,2005-09-04
2005,9,7,21:42:48,11.9288,92.9962,41,4.2,2005-09-07
2005,9,8,1:24:41,13.4654,92.6939,29,4.2,2005-09-08
2005,9,13,5:12:44,11.2838,91.944,27,3.9,2005-09-13
2005,9,22,5:51:13,13.6991,92.691,39.2,4.7,2005-09-22
2005,9,24,17:59:58,12.1354,92.2341,0,3.8,2005-09-24
2005,10,2,19:20:36,13.3032,92.243,35,4,2005-10-02
2005,10,3,16:29:08,13.0584,92.4522,31,4.1,2005-10-03
2005,10,3,20:26:57,13.3659,92.5723,19.5,4.2,2005-10-03
2005,10,4,3:59:39,12.1177,93.063,41,4,2005-10-04
2005,10,7,15:57:28,13.0062,93.2726,35,3.7,2005-10-07
2005,10,9,18:42:21,10.7687,92.3181,29,4,2005-10-09
2005,10,10,17:51:30,11.7387,92.6924,46.3,4,2005-10-10
2005,10,11,3:37:57,10.9027,92.3371,25.4,5.5,2005-10-11
2005,10,11,14:21:04,12.3203,92.3077,24.8,4.8,2005-10-11
2005,10,15,23:16:37,13.1126,93.0705,32,4.1,2005-10-15
2005,10,16,9:59:30,10.5878,92.2549,27.5,4.8,2005-10-16
2005,10,18,21:36:46,13.6376,92.9361,29,4.1,2005-10-18
2005,10,21,20:29:22,12.9479,93.0998,32,3.7,2005-10-21
2005,10,25,9:22:15,13.0434,93.0646,32,4.2,2005-10-25
2005,10,25,22:29:43,12.3563,92.4939,17.7,4,2005-10-25
2005,10,26,1:59:13,13.5392,92.826,29,4.3,2005-10-26
2005,11,3,6:09:54,13.6981,92.8021,23.3,4.5,2005-11-03
2005,11,9,8:17:40,11.7264,92.295,29,4.4,2005-11-09
2005,11,13,18:14:23,13.5533,92.5815,29,4,2005-11-13
2005,11,19,4:05:57,12.9994,92.2588,35,4,2005-11-19
2005,11,30,9:25:21,12.7012,92.1524,0,3.6,2005-11-30
2005,12,1,18:01:24,13.5655,92.904,0,4,2005-12-01
2005,12,2,19:12:05,12.8306,93.1206,32,4.2,2005-12-02
2005,12,7,7:58:31,10.9949,92.0401,0,3.6,2005-12-07
2005,12,7,21:16:47,12.7575,92.3592,0,3.8,2005-12-07
2005,12,14,18:26:39,13.6394,92.8206,29,4.1,2005-12-14
2005,12,16,12:12:56,10.5118,93.5415,25,4.1,2005-12-16
2005,12,17,9:45:44,13.549,92.6672,30.5,4.2,2005-12-17
2005,12,24,14:42:51,13.0782,92.2201,35,3.8,2005-12-24
2005,12,26,11:40:40,11.524,92.2103,26.3,4.3,2005-12-26
2005,12,26,14:31:59,11.8828,92.2462,23.7,4.2,2005-12-26
2005,12,27,12:06:07,12.1955,92.9353,41,3.8,2005-12-27
2005,12,28,4:52:47,11.7363,92.0428,29,3.8,2005-12-28
2005,12,31,1:57:42,12.7946,92.1623,35,3.6,2005-12-31
2006,1,2,14:00:29,12.4273,92.502,26,4.1,2006-01-02
2006,1,10,9:16:01,12.6665,93.1296,41,4.3,2006-01-10
2006,1,11,18:29:37,12.4099,92.7945,41,4.2,2006-01-11
2006,1,19,23:25:56,13.5841,92.7041,29,4,2006-01-19
2006,1,21,4:07:04,13.032,93.2669,45.9,5.9,2006-01-21
2006,1,21,6:00:36,11.63,93.0695,46,3.7,2006-01-21
2006,2,1,10:56:25,11.0221,93.1495,0,3.8,2006-02-01
2006,2,3,18:14:06,10.3604,91.9694,0,4,2006-02-03
2006,2,3,20:34:12,11.8096,92.4124,28.6,5.7,2006-02-03
2006,2,3,22:12:20,11.6404,92.0627,29,3.7,2006-02-03
2006,2,3,22:56:33,11.6916,92.4002,26,4,2006-02-03
2006,2,14,6:47:17,12.2794,92.8215,0,3.6,2006-02-14
2006,2,14,12:48:57,10.8756,91.9248,0,3.4,2006-02-14
2006,2,23,5:45:25,13.5462,92.7987,0,3.8,2006-02-23
2006,3,1,17:16:36,11.0941,92.0262,27,4.2,2006-03-01
2006,3,8,14:49:45,13.6213,92.7195,32.5,4.3,2006-03-08
2006,3,9,16:37:08,10.342,93.4644,25,3.5,2006-03-09
2006,3,10,7:34:47,10.3377,93.5464,0,4.1,2006-03-10
2006,3,10,8:51:15,10.2859,93.4997,0,3.4,2006-03-10
2006,3,10,13:28:47,10.2904,93.568,0,3.4,2006-03-10
2006,3,16,10:15:18,12.2372,92.5832,0,3.7,2006-03-16
2006,3,17,0:03:20,13.4994,92.7981,29,4,2006-03-17
2006,3,22,10:01:10,11.4418,93.0209,130,3.8,2006-03-22
2006,4,3,12:41:27,11.8565,92.282,0,3.4,2006-04-03
2006,4,4,13:06:47,13.5912,92.8296,25,4.2,2006-04-04
2006,4,7,23:41:04,10.7432,91.972,34.2,4.5,2006-04-07
2006,4,12,7:55:42,11.5182,92.5202,26,3.9,2006-04-12
2006,4,15,18:46:14,12.9404,92.5117,31,3.8,2006-04-15
2006,4,21,2:00:34,11.4914,92.2013,29,3.8,2006-04-21
2006,4,24,6:49:13,13.2841,92.628,29.4,4.5,2006-04-24
2006,4,27,15:35:24,13.3148,92.2847,0,3.4,2006-04-27
2006,5,22,10:09:52,12.9998,92.5199,31.6,4.3,2006-05-22
2006,5,22,23:32:06,10.5236,92.1582,29,4.2,2006-05-22
2006,5,24,20:41:58,13.6245,92.9147,0,3.6,2006-05-24
2006,5,29,6:44:47,11.7749,91.95,27,3.9,2006-05-29
2006,5,31,17:07:59,11.87,93.3384,0,3.7,2006-05-31
2006,6,1,18:54:31,10.9127,92.7869,31.9,4.7,2006-06-01
2006,6,3,13:01:14,12.983,92.4219,31,4.7,2006-06-03
2006,6,3,15:14:31,10.3539,92.3134,0,3.4,2006-06-03
2006,6,13,9:25:46,13.4251,92.3861,29,3.9,2006-06-13
2006,6,22,3:57:32,13.1274,93.1279,32,4.2,2006-06-22
2006,6,26,8:13:40,11.3866,93.2529,0,4,2006-06-26
2006,7,1,10:01:50,13.3265,93.4227,58,3.7,2006-07-01
2006,7,2,7:30:03,10.7185,91.9606,0,3.6,2006-07-02
2006,7,6,22:17:11,13.2796,92.3406,29,4.3,2006-07-06
2006,7,24,15:50:10,11.0259,91.9992,26.8,4.3,2006-07-24
2006,7,26,2:22:44,11.5795,92.0748,29,4.1,2006-07-26
2006,7,27,8:02:09,11.6923,92.912,46,4.4,2006-07-27
2006,8,3,16:25:35,12.8054,92.3952,0,3.4,2006-08-03
2006,8,6,17:14:52,11.1059,92.0833,27,4.1,2006-08-06
2006,8,7,6:43:38,11.1003,91.987,0,4,2006-08-07
2006,8,27,8:22:29,11.6441,92.1753,0,3.7,2006-08-27
2006,8,27,16:58:54,10.6657,91.9773,38.3,4.5,2006-08-27
2006,9,12,18:29:02,13.2294,92.8901,0,3.4,2006-09-12
2006,9,12,21:10:15,10.9924,93.3103,46.3,4.3,2006-09-12
2006,9,13,18:42:31,12.9251,92.8375,32,3.7,2006-09-13
2006,9,24,3:22:24,11.1707,92.0892,27,4,2006-09-24
2006,9,25,11:40:50,10.551,92.3233,32,4.8,2006-09-25
2006,9,26,0:07:14,12.46,92.0595,0,3.7,2006-09-26
2006,10,1,22:34:12,12.6996,92.2815,26,3.9,2006-10-01
2006,10,1,22:48:19,12.7328,92.3194,26,4.2,2006-10-01
2006,10,5,4:53:02,13.3999,92.2514,29.1,4.6,2006-10-05
2006,10,11,5:39:01,13.2839,92.4908,29,3.9,2006-10-11
2006,10,13,17:39:59,13.4918,92.568,29,4.2,2006-10-13
2006,10,17,9:52:28,10.3021,92.4047,0,3.4,2006-10-17
2006,10,18,1:46:55,10.3157,92.3195,29,4.1,2006-10-18
2006,10,20,6:12:27,11.5125,92.7728,13.1,4.2,2006-10-20
2006,10,20,19:41:06,10.4936,92.0132,0,3.6,2006-10-20
2006,10,29,1:15:55,12.9262,91.9977,23.8,3.9,2006-10-29
2006,10,30,17:15:18,10.8079,92.7376,10,4.1,2006-10-30
2006,10,30,22:58:08,10.5929,92.6049,0,3.3,2006-10-30
2006,10,31,23:46:23,10.5842,92.8806,0,3.5,2006-10-31
2006,11,11,12:49:03,10.76,93.0305,0,4,2006-11-11
2006,11,17,10:32:59,12.1658,92.6429,0,4,2006-11-17
2006,11,28,23:28:40,13.1688,93.2689,42.7,4.3,2006-11-28
2006,12,3,10:33:44,13.0678,92.4928,31,4,2006-12-03
2006,12,6,14:33:16,13.5274,92.9957,29,4.2,2006-12-06
2006,12,9,23:13:12,13.0626,92.3993,0,3.7,2006-12-09
2006,12,22,19:50:46,10.6608,92.4333,32.7,5.8,2006-12-22
2006,12,25,0:28:24,12.8666,93.274,58,4.2,2006-12-25
2006,12,27,15:13:27,10.6079,92.8178,53,4,2006-12-27
2006,12,31,5:41:03,10.6311,92.5763,50,3.9,2006-12-31
2007,1,10,7:17:24,10.4549,92.9168,53,4.2,2007-01-10
2007,1,15,6:13:39,12.6669,92.6458,27.8,4.6,2007-01-15
2007,1,17,20:05:07,11.4855,92.1757,29,4.7,2007-01-17
2007,1,20,11:45:27,13.0438,93.2329,32,3.9,2007-01-20
2007,1,28,16:53:00,13.3658,93.567,58,4,2007-01-28
2007,2,5,9:24:38,11.272,92.2079,29.3,4.7,2007-02-05
2007,2,10,0:49:29,12.4731,93.4147,0,3.7,2007-02-10
2007,2,28,7:57:03,12.5727,92.9409,35,4,2007-02-28
2007,3,1,5:08:20,10.3426,93.0834,75.5,5,2007-03-01
2007,3,13,0:12:19,10.7508,93.1188,54,4.1,2007-03-13
2007,3,25,18:08:33,12.883,92.5033,41.3,2.9,2007-03-25
2007,3,28,20:40:00,12.9689,92.3,31,3.8,2007-03-28
2007,3,29,10:49:39,13.515,92.2796,29,3.9,2007-03-29
2007,3,29,23:49:49,10.8206,92.0696,43.3,4.5,2007-03-29
2007,4,5,8:22:08,10.9816,91.9569,22.8,3.6,2007-04-05
2007,4,6,20:10:18,10.9181,92.0547,0,3.5,2007-04-06
2007,4,10,13:56:54,12.9803,92.5785,27.8,5.5,2007-04-10
2007,4,11,13:07:48,11.1539,92.5314,0,3.4,2007-04-11
2007,4,14,22:04:39,12.78,92.36,0,3.7,2007-04-14
2007,4,20,8:32:26,11.8626,92.1238,0,3.6,2007-04-20
2007,4,26,5:43:57,12.1207,91.9527,0,3.4,2007-04-26
2007,5,1,4:00:59,11.2965,91.9175,0,3.6,2007-05-01
2007,5,1,6:48:05,12.593,92.594,30,3.8,2007-05-01
2007,5,2,9:08:25,13.3757,92.6918,29,4.2,2007-05-02
2007,5,3,6:02:12,10.4847,92.3379,0,3.7,2007-05-03
2007,5,14,11:34:29,10.4668,92.4694,0,3.7,2007-05-14
2007,5,30,3:58:06,10.6042,92.5514,29,4.2,2007-05-30
2007,6,3,0:57:17,13.1035,93.1447,32,4.1,2007-06-03
2007,6,3,20:06:05,12.1234,92.2291,21.2,3.5,2007-06-03
2007,6,18,12:44:38,11.8412,93.1386,0,3.7,2007-06-18
2007,6,21,8:57:45,10.301,92.8028,66.5,4.6,2007-06-21
2007,6,21,9:34:52,11.9188,92.2997,0,3.5,2007-06-21
2007,7,1,10:58:49,13.066,92.346,30,4,2007-07-01
2007,7,22,13:11:43,12.9886,93.1405,32,4,2007-07-22
2007,8,2,18:11:08,12.1758,92.3066,0,3.8,2007-08-02
2007,8,3,2:13:55,10.4451,92.9851,92.1,3.5,2007-08-03
2007,8,23,2:54:04,13.341,93.1922,0,3.6,2007-08-23
2007,9,4,23:13:00,12.9499,92.1299,0,3.6,2007-09-04
2007,9,13,23:24:26,13.0042,93.1477,32,3.8,2007-09-13
2007,9,19,17:18:09,10.6852,91.9164,24.4,4.4,2007-09-19
2007,9,19,21:10:02,10.7907,92.2011,25.3,4.2,2007-09-19
2007,10,3,20:45:24,13.6671,93.1008,29,3.8,2007-10-03
2007,10,8,18:10:40,13.6421,92.9536,29,4.3,2007-10-08
2007,10,8,18:23:28,13.3181,92.6495,0,3.6,2007-10-08
2007,10,12,21:33:17,10.6443,92.6935,30.6,4.7,2007-10-12
2007,10,17,23:04:04,12.7221,92.4787,26,4,2007-10-17
2007,10,26,14:17:24,12.5182,92.1313,0,3.7,2007-10-26
2007,11,4,8:25:29,13.5343,92.7654,29,3.6,2007-11-04
2007,11,21,10:18:07,11.4531,92.824,0,3.6,2007-11-21
2007,11,21,16:54:15,11.4228,92.3085,26,3.6,2007-11-21
2007,11,29,13:05:38,12.735,92.1061,0,3.6,2007-11-29
2007,11,29,22:36:53,10.8808,93.4468,123,3.6,2007-11-29
2007,12,12,21:26:25,12.1381,92.1126,0,3.4,2007-12-12
2007,12,16,23:31:51,11.2619,93.4142,123,4.1,2007-12-16
2007,12,26,16:18:10,13.6691,93.4048,0,3.3,2007-12-26
2007,12,29,16:01:07,11.0741,92.0748,27,3.5,2007-12-29
2007,12,30,15:54:02,12.89,93.3168,58,3.5,2007-12-30
2008,1,3,4:46:21,13.6841,93.0985,32,3.5,2008-01-03
2008,1,4,20:52:21,12.9169,92.4711,34.1,3.9,2008-01-04
2008,1,10,11:53:52,13.2563,93.5774,0,3.5,2008-01-10
2008,1,11,20:12:57,11.9259,93.2761,93,4.3,2008-01-11
2008,1,12,20:15:24,13.7194,92.768,29,3.9,2008-01-12
2008,1,14,13:38:38,10.426,92.8691,51.7,5.6,2008-01-14
2008,1,15,8:53:12,10.8826,92.061,0,3.6,2008-01-15
2008,1,28,16:12:47,12.7964,92.5907,0,3.3,2008-01-28
2008,1,29,7:05:53,11.2668,92.7939,0,3.6,2008-01-29
2008,2,4,6:37:27,11.2689,92.0283,26.2,4.1,2008-02-04
2008,2,4,17:53:59,12.9054,92.5059,31,3.7,2008-02-04
2008,2,6,15:51:11,13.0358,92.9713,32,3.4,2008-02-06
2008,2,10,4:06:20,13.3961,92.5148,0,3.5,2008-02-10
2008,2,15,9:12:28,12.8076,92.889,0,3.9,2008-02-15
2008,2,21,15:31:30,12.9559,93.1903,32,3.8,2008-02-21
2008,2,24,22:25:50,10.3697,92.3018,0,3.6,2008-02-24
2008,2,29,7:20:25,10.3771,92.1476,0,3.5,2008-02-29
2008,2,29,7:29:21,10.3592,92.0614,0,4,2008-02-29
2008,3,14,0:11:09,13.2324,93.0022,29,3.5,2008-03-14
2008,3,17,17:50:36,12.0895,92.3549,23,4.1,2008-03-17
2008,3,29,3:14:20,13.644,92.9352,29,4.3,2008-03-29
2008,4,8,19:33:42,12.5638,92.5941,26,4,2008-04-08
2008,4,10,2:49:55,12.6211,92.2389,0,3.6,2008-04-10
2008,4,10,3:17:02,12.4519,92.9326,41,4,2008-04-10
2008,4,13,13:09:45,11.8827,93.335,0,3.3,2008-04-13
2008,4,22,7:53:50,12.9793,92.7795,0,3.6,2008-04-22
2008,4,23,22:47:01,12.9058,92.3382,0,3.6,2008-04-23
2008,4,24,7:09:09,12.5088,93.2699,0,3.3,2008-04-24
2008,4,25,17:08:05,13.6861,93.1666,29,3.5,2008-04-25
2008,4,28,3:34:40,12.2608,92.5722,26,3.9,2008-04-28
2008,5,4,5:54:44,11.4849,92.503,26,3.9,2008-05-04
2008,5,21,7:35:31,12.377,93.4414,93,4,2008-05-21
2008,6,7,11:13:31,13.274,92.6847,31.6,3.9,2008-06-07
2008,6,12,13:22:18,11.2172,93.0928,54,3.9,2008-06-12
2008,6,13,21:12:20,13.0832,93.5476,0,3.7,2008-06-13
2008,6,27,13:10:15,10.8794,92.0194,27,5,2008-06-27
2008,6,27,13:20:50,10.479,92.237,10,3.7,2008-06-27
2008,6,27,13:53:09,11.3291,92.5275,26,3.5,2008-06-27
2008,6,27,14:40:43,10.99,91.979,27,3.6,2008-06-27
2008,6,27,14:58:27,11.2675,92.4331,26,3.8,2008-06-27
2008,6,27,18:04:26,10.9351,91.9374,27,4,2008-06-27
2008,6,28,3:41:00,10.7372,91.9008,0,3.5,2008-06-28
2008,6,28,3:44:09,11.0972,92.4119,0,3.5,2008-06-28
2008,6,28,4:17:34,10.983,92.2761,0,3.6,2008-06-28
2008,6,28,4:56:09,11.0097,92.3064,0,3.5,2008-06-28
2008,6,28,6:32:51,11.3289,92.7568,0,3.6,2008-06-28
2008,6,28,6:39:54,11.7109,93.3551,0,3.3,2008-06-28
2008,6,28,7:51:49,10.872,92.0632,0,4,2008-06-28
2008,6,28,10:41:57,11.2131,92.7449,26,3.4,2008-06-28
2008,6,28,11:08:12,11.1321,92.1987,27,3.6,2008-06-28
2008,6,28,15:24:00,10.9104,92.006,20,3.9,2008-06-28
2008,6,28,15:29:13,10.9161,91.9051,28.2,5.4,2008-06-28
2008,6,28,15:42:24,10.5605,92.4946,0,3.7,2008-06-28
2008,6,28,15:47:57,10.9271,92.0957,27,3.9,2008-06-28
2008,6,28,15:53:22,10.9586,92.167,27,3.8,2008-06-28
2008,6,28,16:18:34,10.8399,91.9056,27,3.9,2008-06-28
2008,6,28,16:22:57,10.9663,92.2396,26.3,4,2008-06-28
2008,6,28,17:17:00,10.9155,91.901,31.5,4.6,2008-06-28
2008,6,28,17:27:20,10.9199,92.0261,27,3.7,2008-06-28
2008,6,28,17:37:39,10.9316,92.0281,27,3.7,2008-06-28
2008,6,28,19:04:29,10.6923,92.0221,0,3.4,2008-06-28
2008,6,28,19:14:44,10.8504,91.9947,0,3.3,2008-06-28
2008,6,28,21:21:09,11.8077,93.2436,26.8,4.2,2008-06-28
2008,6,28,22:45:45,10.5625,92.4457,0,3.5,2008-06-28
2008,6,30,3:10:01,10.9587,91.9392,0,3.7,2008-06-30
2008,6,30,16:49:32,10.9822,92.2719,0,3.5,2008-06-30
2008,7,1,8:29:17,10.6439,92.3907,0,3.3,2008-07-01
2008,7,1,8:56:23,10.587,92.7525,0,3.7,2008-07-01
2008,7,3,10:55:12,11.1347,92.453,27.9,3.4,2008-07-03
2008,7,3,10:55:26,11.055,92.325,28.1,3.6,2008-07-03
2008,7,3,12:21:52,11.0749,92.496,23.5,3.4,2008-07-03
2008,7,3,12:47:35,11.4368,92.5646,25.6,3.7,2008-07-03
2008,7,3,15:51:20,10.7258,92.5972,0,3.3,2008-07-03
2008,7,4,6:50:26,10.9378,92.2627,0,3.3,2008-07-04
2008,7,5,13:25:53,11.1537,92.318,26,4,2008-07-05
2008,7,11,5:39:44,11.078,92.0722,29.2,3.4,2008-07-11
2008,7,12,5:14:07,10.9525,92.2665,0,3.4,2008-07-12
2008,7,15,3:16:16,10.7739,92.1474,27,4.2,2008-07-15
2008,7,16,5:00:49,13.4827,92.4584,29,3.8,2008-07-16
2008,7,16,20:30:47,13.4916,92.8232,0,3.8,2008-07-16
2008,7,17,4:10:57,10.859,92.1691,0,3.5,2008-07-17
2008,7,19,13:39:56,12.9727,93.2152,32,4,2008-07-19
2008,7,20,4:28:08,13.466,92.9844,20.4,3.9,2008-07-20
2008,7,21,8:23:13,10.9046,92.1694,0,3.7,2008-07-21
2008,7,24,12:19:02,12.7801,92.0254,35,3.7,2008-07-24
2008,7,25,8:17:05,13.651,92.9026,0,3.7,2008-07-25
2008,7,25,20:24:39,10.744,91.9066,27,3.9,2008-07-25
2008,7,26,13:23:58,13.096,92.6465,31,4,2008-07-26
2008,7,26,16:49:54,10.3557,93.0955,87.8,4.7,2008-07-26
2008,7,27,16:32:52,11.2348,92.3622,0,3.3,2008-07-27
2008,8,2,20:58:43,11.1787,93.2392,50,3.8,2008-08-02
2008,8,15,9:54:42,11.3711,93.193,0,3.6,2008-08-15
2008,8,21,0:56:16,11.3445,92.3693,0,3.6,2008-08-21
2008,8,28,7:07:12,12.2918,92.4826,25.7,4.1,2008-08-28
2008,9,6,12:26:08,13.5076,92.8175,31.3,4.5,2008-09-06
2008,9,7,9:00:28,12.9675,92.4004,41.1,5.1,2008-09-07
2008,9,10,19:36:05,11.4859,92.6875,0,3.3,2008-09-10
2008,9,12,23:51:47,11.3423,92.6561,0,3.6,2008-09-12
2008,9,15,6:16:03,10.3146,92.9524,53,4.3,2008-09-15
2008,9,15,6:42:15,10.9345,91.9508,0,3.8,2008-09-15
2008,9,16,1:20:04,13.5891,92.6563,29,4.4,2008-09-16
2008,9,16,10:05:16,12.7137,93.429,0,3.7,2008-09-16
2008,9,29,0:11:58,11.8712,93.2408,0,3.3,2008-09-29
2008,10,1,8:20:43,13.042,92.5497,0,3.4,2008-10-01
2008,10,3,21:40:12,11.1107,92.4016,0,3.5,2008-10-03
2008,10,3,21:57:25,11.515,92.3105,0,3.5,2008-10-03
2008,10,3,23:29:49,10.8508,91.9631,0,3.4,2008-10-03
2008,10,4,8:27:09,10.8131,91.9106,0,3.3,2008-10-04
2008,10,29,5:16:23,10.8554,92.0433,33.7,3.7,2008-10-29
2008,10,31,20:00:55,12.9391,92.3293,35,3.8,2008-10-31
2008,11,11,17:15:00,13.2091,92.5494,31,4.2,2008-11-11
2008,11,15,9:35:53,12.9734,93.3598,58,3.9,2008-11-15
2008,12,1,12:57:27,12.6382,92.3103,0,3.3,2008-12-01
2008,12,27,21:01:20,13.4111,93.1913,0,3.4,2008-12-27
2009,1,6,6:49:50,10.3289,93.1891,101.9,3.7,2009-01-06
2009,1,12,1:49:57,12.078,92.4015,0,3.5,2009-01-12
2009,1,19,11:54:43,10.9036,91.9427,0,3.2,2009-01-19
2009,1,28,5:08:43,13.4955,92.8084,0,3.8,2009-01-28
2009,1,28,20:29:57,13.6425,92.8012,33,5.2,2009-01-28
2009,1,28,23:27:17,13.5441,92.7687,29.7,3.6,2009-01-28
2009,1,31,7:19:21,13.4958,92.7075,0,3.6,2009-01-31
2009,1,31,20:05:15,12.4145,92.8089,41,3.6,2009-01-31
2009,2,16,20:02:55,11.1444,92.0639,0,3.2,2009-02-16
2009,2,20,21:41:34,11.1084,92.4389,0,3.5,2009-02-20
2009,2,26,15:30:02,10.8473,93.4586,110.5,3.5,2009-02-26
2009,2,26,15:32:31,13.0997,92.3288,32.3,4,2009-02-26
2009,3,10,18:00:17,12.5499,91.982,58.6,3.7,2009-03-10
2009,3,11,14:31:52,11.0945,92.5618,26,4.3,2009-03-11
2009,3,11,15:33:21,11.2634,92.9467,0,3.3,2009-03-11
2009,3,13,1:02:42,12.7029,92.6323,0,3.5,2009-03-13
2009,3,15,15:51:52,12.1964,92.7042,23,3.7,2009-03-15
2009,3,29,10:39:37,13.1267,93.1043,47.8,3.9,2009-03-29
2009,3,31,0:46:53,13.0216,93.0417,0,3.6,2009-03-31
2009,4,23,12:46:40,13.1407,92.3211,0,4,2009-04-23
2009,4,29,3:19:07,12.9106,92.3169,0,3.7,2009-04-29
2009,4,30,13:17:27,13.0339,92.6686,0,4,2009-04-30
2009,5,9,2:51:17,11.6475,91.9639,29.2,4.7,2009-05-09
2009,5,13,5:29:53,13.6484,92.1099,0,3.6,2009-05-13
2009,5,30,14:25:30,13.1144,92.6966,32,3.9,2009-05-30
2009,6,11,3:17:17,13.0704,93.2176,32,4.2,2009-06-11
2009,6,16,11:35:28,11.6042,92.6495,0,3.5,2009-06-16
2009,6,27,13:27:48,10.7452,92.4954,0,3.4,2009-06-27
2009,6,28,13:49:59,13.1544,91.9945,0,3.4,2009-06-28
2009,6,30,9:12:56,10.5937,92.2287,29,4.6,2009-06-30
2009,7,25,22:20:27,13.295,92.7192,0,3.5,2009-07-25
2009,7,26,11:29:59,10.7119,93.5025,0,3.6,2009-07-26
2009,7,26,14:10:23,10.357,93.5206,0,3.4,2009-07-26
2009,7,27,14:10:53,12.2285,92.441,0,3.9,2009-07-27
2009,7,27,23:58:49,11.8607,91.9065,0,3.7,2009-07-27
2009,7,28,13:09:00,12.3124,92.4648,26,4.5,2009-07-28
2009,8,2,10:42:40,12.2226,92.0761,27,3.6,2009-08-02
2009,8,6,13:03:04,13.5292,92.7218,0,3.7,2009-08-06
2009,8,10,20:27:58,13.4147,93.2093,0,4.1,2009-08-10
2009,8,10,20:31:21,13.5506,93.2442,0,4.3,2009-08-10
2009,8,10,20:36:24,13.7197,92.7291,0,3.9,2009-08-10
2009,8,10,20:46:57,13.5262,92.1928,0,3.5,2009-08-10
2009,8,10,20:58:55,13.4031,93.2856,0,3.6,2009-08-10
2009,8,10,20:59:58,13.4124,93.225,0,3.4,2009-08-10
2009,8,10,21:01:00,13.4779,93.5314,0,3.5,2009-08-10
2009,8,10,21:05:42,13.495,93.3304,0,3.3,2009-08-10
2009,8,10,21:12:00,13.6714,92.7307,0,3.5,2009-08-10
2009,8,10,23:11:57,13.6245,93.4558,35,3.6,2009-08-10
2009,8,11,0:54:08,13.5833,92.3689,0,3.7,2009-08-11
2009,8,11,1:54:48,13.1598,92.8985,32,4.2,2009-08-11
2009,8,11,1:58:38,11.523,92.2651,26,4,2009-08-11
2009,8,11,2:59:48,13.7262,92.7508,0,3.5,2009-08-11
2009,8,11,4:28:37,13.7222,93.1085,0,3.7,2009-08-11
2009,8,11,5:30:01,10.8268,93.2743,0,3.8,2009-08-11
2009,8,11,11:13:43,13.6764,93.2808,0,3.7,2009-08-11
2009,8,11,12:42:39,13.6127,92.5414,0,3.6,2009-08-11
2009,8,11,13:13:01,13.6974,92.8851,0,3.5,2009-08-11
2009,8,11,13:38:17,13.3549,92.9545,0,3.3,2009-08-11
2009,8,12,1:47:51,13.5136,92.2441,0,3.6,2009-08-12
2009,8,12,8:49:27,13.5847,92.6974,0,3.4,2009-08-12
2009,8,12,9:07:09,13.1027,93.0088,0,3.4,2009-08-12
2009,8,12,9:17:33,13.7263,92.8373,0,3.7,2009-08-12
2009,8,12,9:41:07,13.0309,92.4408,0,3.6,2009-08-12
2009,8,12,18:45:37,13.193,93.0428,0,3.3,2009-08-12
2009,8,12,21:46:25,13.6387,93.0019,0,3.3,2009-08-12
2009,8,13,7:04:55,13.0954,92.6967,0,3.6,2009-08-13
2009,8,14,6:13:55,13.3938,92.6389,0,3.4,2009-08-14
2009,8,14,7:11:12,13.1474,93.0154,0,3.6,2009-08-14
2009,8,14,17:37:48,13.5111,93.3877,0,3.8,2009-08-14
2009,8,14,18:39:48,13.4235,93.3496,0,3.6,2009-08-14
2009,8,15,12:12:42,13.342,93.0768,0,3.7,2009-08-15
2009,8,15,21:34:08,11.5339,92.3699,0,3.7,2009-08-15
2009,8,16,4:27:26,13.2466,93.3062,0,3.6,2009-08-16
2009,8,16,5:49:56,13.5728,92.809,0,3.8,2009-08-16
2009,8,18,2:19:00,13.055,92.6549,0,3.7,2009-08-18
2009,8,21,20:36:35,12.2537,93.5837,93,3.5,2009-08-21
2009,8,24,2:20:14,13.12,92.2055,0,3.8,2009-08-24
2009,8,24,18:02:49,13.6357,93.3182,0,3.5,2009-08-24
2009,8,28,6:38:31,13.3643,91.9863,0,3.7,2009-08-28
2009,9,2,17:21:55,10.9438,93.4899,119.4,4.6,2009-09-02
2009,9,4,1:51:13,12.971,92.8023,0,3.7,2009-09-04
2009,9,5,14:56:40,13.4784,92.8469,0,3.6,2009-09-05
2009,9,9,5:47:03,13.1626,93.0658,0,3.5,2009-09-09
2009,9,11,21:20:40,13.5439,92.2366,0,3.4,2009-09-11
2009,9,13,13:32:44,13.5045,93.3937,0,3.5,2009-09-13
2009,9,15,12:10:36,13.3188,92.9958,0,3.4,2009-09-15
2009,9,19,6:00:52,13.4841,93.4535,0,3.6,2009-09-19
2009,9,23,9:35:37,12.8223,92.3818,0,3.8,2009-09-23
2009,9,28,22:25:32,10.979,92.0527,0,3.5,2009-09-28
2009,10,2,9:25:34,13.4817,92.7813,0,3.8,2009-10-02
2009,10,6,15:07:48,10.9558,92.0086,0,3.6,2009-10-06
2009,10,14,23:04:55,10.8773,92.116,27,4,2009-10-14
2009,10,15,18:15:15,10.8707,93.0523,0,3.3,2009-10-15
2009,10,19,18:18:46,13.5613,92.6411,0,3.4,2009-10-19
2009,10,19,20:09:58,13.3431,92.2345,0,3.4,2009-10-19
2009,10,27,19:42:08,11.9306,92.723,23,3.8,2009-10-27
2009,11,6,2:26:13,13.2185,92.4465,36.1,4.3,2009-11-06
2009,11,13,13:14:51,13.0812,92.686,0,3.6,2009-11-13
2009,11,15,5:15:43,12.5784,92.2124,35,3.6,2009-11-15
2009,11,26,6:13:02,13.6325,92.7988,35.3,5.2,2009-11-26
2009,11,28,17:54:48,13.6953,92.9056,29,3.8,2009-11-28
2009,11,28,20:22:43,13.52,92.9007,0,3.1,2009-11-28
2009,12,1,2:13:43,13.4365,92.9876,0,3.6,2009-12-01
2009,12,1,11:40:46,13.6285,92.8451,34.9,5.3,2009-12-01
2009,12,7,23:03:13,12.4982,92.6767,32.4,3.8,2009-12-07
2009,12,8,4:58:42,13.6884,92.5193,28.8,3.7,2009-12-08
2009,12,8,10:40:53,11.2147,92.6052,0,3.6,2009-12-08
2009,12,8,13:42:29,12.7836,92.7485,0,3.7,2009-12-08
2009,12,8,22:35:24,13.5674,93.5493,35,3.2,2009-12-08
2009,12,9,20:54:45,13.4674,92.6395,0,3.5,2009-12-09
2009,12,11,10:44:17,13.6328,92.4963,0,3.4,2009-12-11
2009,12,15,7:23:49,12.7199,93.0293,0,3.6,2009-12-15
2009,12,23,7:54:24,12.9051,93.0934,0,3.5,2009-12-23
2010,1,4,20:05:40,11.9326,92.3553,23,3.8,2010-01-04
2010,1,16,18:20:02,11.4296,92.8808,0,3.4,2010-01-16
2010,1,20,13:44:43,10.9251,91.918,27,3.7,2010-01-20
2010,1,29,22:48:44,13.2046,92.5111,26.4,3.9,2010-01-29
2010,1,29,23:35:38,10.9695,93.045,54,3.5,2010-01-29
2010,2,2,5:54:55,10.7482,92.0003,29,4.6,2010-02-02
2010,2,5,5:37:10,11.7751,92.0022,0,3.5,2010-02-05
2010,2,13,15:31:21,13.6273,92.9156,29,3.7,2010-02-13
2010,2,24,18:33:30,13.6517,93.2045,29,3.7,2010-02-24
2010,2,25,3:03:28,12.1058,92.4066,0,3.5,2010-02-25
2010,3,11,10:28:48,13.3734,92.2144,0,3.4,2010-03-11
2010,3,13,20:44:17,13.4894,92.7265,0,3.6,2010-03-13
2010,3,15,10:40:48,11.7173,92.8688,0,3.3,2010-03-15
2010,3,26,7:10:22,11.7526,93.2575,0,3.3,2010-03-26
2010,3,27,17:20:01,13.5982,93.0094,29,3.9,2010-03-27
2010,3,28,19:19:22,13.6555,92.6191,29,3.7,2010-03-28
2010,3,30,16:54:47,13.596,92.8968,35.8,6.4,2010-03-30
2010,3,30,17:14:44,13.6486,92.8513,29,4.1,2010-03-30
2010,3,31,1:01:59,13.4326,92.6701,0,3.6,2010-03-31
2010,3,31,7:21:14,13.7277,92.6287,29,4.1,2010-03-31
2010,4,1,7:19:59,13.6474,92.885,29,4.2,2010-04-01
2010,4,4,2:40:57,10.9311,92.1936,25.4,4,2010-04-04
2010,4,8,4:39:40,13.5202,92.5276,29,3.8,2010-04-08
2010,4,11,4:49:41,13.3274,92.6506,0,3.3,2010-04-11
2010,4,12,2:29:58,13.3683,92.5622,0,3.6,2010-04-12
2010,4,12,22:37:17,10.8065,93.4469,123,4,2010-04-12
2010,4,14,21:19:45,12.8264,92.5959,31,3.6,2010-04-14
2010,4,17,7:00:05,12.0912,92.4149,0,3.4,2010-04-17
2010,4,30,20:21:56,12.0974,92.4636,0,3.3,2010-04-30
2010,5,1,21:18:57,13.6125,92.7478,33.7,5,2010-05-01
2010,5,2,5:53:43,13.5964,92.7358,33.5,4.5,2010-05-02
2010,5,7,9:23:52,13.6035,92.7178,33,4.7,2010-05-07
2010,5,13,9:23:08,13.5934,93.4877,0,3.4,2010-05-13
2010,5,18,16:36:22,11.3506,92.0799,0,3.6,2010-05-18
2010,5,25,0:52:00,11.2377,92.2089,27,4.5,2010-05-25
2010,5,26,6:53:04,13.6842,92.8468,0,3.6,2010-05-26
2010,5,28,19:21:51,11.4923,93.5617,35,3.8,2010-05-28
2010,5,30,15:21:13,11.6646,92.6129,26,3.6,2010-05-30
2010,6,13,7:39:55,11.9856,92.0752,0,4.1,2010-06-13
2010,6,18,23:09:33,13.1851,93.0733,31.4,6,2010-06-18
2010,6,20,4:34:09,13.0663,92.9029,0,3.6,2010-06-20
2010,6,22,6:45:01,10.6809,92.7712,0,3.6,2010-06-22
2010,6,22,12:16:20,12.2815,92.4326,0,3.5,2010-06-22
2010,6,24,12:48:07,12.942,92.7494,31,3.6,2010-06-24
2010,6,24,18:44:24,13.309,92.1581,0,3.7,2010-06-24
2010,6,27,22:43:14,13.035,92.4428,31,3.7,2010-06-27
2010,6,28,21:19:50,13.0781,93.0657,0,3.6,2010-06-28
2010,7,1,23:27:08,12.6175,92.3259,26,3.6,2010-07-01
2010,7,2,18:23:10,10.3059,92.1754,26,5.3,2010-07-02
2010,7,7,9:38:03,11.7433,92.6763,26,3.6,2010-07-07
2010,7,9,2:08:40,11.1322,93.2471,107.7,4.1,2010-07-09
2010,7,12,4:48:35,10.4925,92.7324,0,3.7,2010-07-12
2010,7,13,6:57:43,13.5915,92.9627,29,3.6,2010-07-13
2010,7,13,12:25:20,13.2053,92.5386,0,3.3,2010-07-13
2010,7,15,13:23:21,13.0169,92.787,0,3.4,2010-07-15
2010,7,25,6:25:12,10.887,91.9163,27,4.1,2010-07-25
2010,7,31,7:34:13,13.2478,93.0174,0,3.3,2010-07-31
2010,8,3,1:48:13,10.9313,93.1719,81.6,5,2010-08-03
2010,8,4,19:53:00,13.6592,92.5117,29,3.5,2010-08-04
2010,8,7,22:43:42,11.4514,92.4597,0,3.6,2010-08-07
2010,8,9,22:21:45,13.6303,92.7892,32.5,5.3,2010-08-09
2010,8,14,19:41:59,10.9221,92.2875,26,4,2010-08-14
2010,8,16,21:04:30,11.6585,92.7001,26,3.7,2010-08-16
2010,8,17,12:04:57,12.9638,92.5895,31,3.8,2010-08-17
2010,8,22,14:41:53,13.4376,92.6935,0,3.3,2010-08-22
2010,8,27,8:56:23,13.4958,92.7327,0,3.6,2010-08-27
2010,8,27,15:42:08,11.0111,92.1599,27,4,2010-08-27
2010,9,2,0:16:39,12.7259,92.4864,25.7,4.9,2010-09-02
2010,9,6,11:53:27,13.6115,92.3778,31.4,3.9,2010-09-06
2010,9,16,8:41:58,13.2147,93.5601,0,3.7,2010-09-16
2010,9,17,21:06:03,11.9447,92.1037,0,3.3,2010-09-17
2010,9,27,4:36:53,12.3247,92.5452,25.2,4.7,2010-09-27
2010,9,27,9:15:51,12.4044,93.4211,93,3.8,2010-09-27
2010,10,17,10:15:11,12.9332,92.3651,31.4,4.9,2010-10-17
2010,10,17,16:06:30,11.2676,92.5941,0,3.4,2010-10-17
2010,10,22,0:34:49,13.4123,92.6641,29,3.6,2010-10-22
2010,11,5,20:41:12,10.4253,92.5333,0,3.5,2010-11-05
2010,11,9,15:01:40,10.8597,92.1017,28.4,4,2010-11-09
2010,11,25,19:24:05,12.3505,92.4815,0,3.5,2010-11-25
2010,11,28,12:39:35,11.1843,92.4807,28.1,3.8,2010-11-28
2010,12,9,15:46:56,13.0086,92.5636,33,4.8,2010-12-09
2010,12,11,5:47:21,11.8732,91.9075,0,3.6,2010-12-11
2010,12,11,5:52:23,11.8709,91.9224,27,3.9,2010-12-11
2010,12,13,5:22:39,11.36,92.1645,0,4.1,2010-12-13
2010,12,22,18:22:27,13.5003,92.7438,24.6,3.8,2010-12-22
2010,12,23,23:24:15,10.6301,93.3806,25,4.1,2010-12-23
2010,12,26,5:43:54,13.6737,92.5726,0,3.6,2010-12-26
2010,12,26,10:42:00,13.5347,92.7827,0,3.6,2010-12-26
2011,1,6,21:02:14,10.3468,92.4715,29,3.9,2011-01-06
2011,1,12,23:54:32,11.369,92.0594,29,4.1,2011-01-12
2011,1,18,19:57:44,12.3615,92.0338,0,3.4,2011-01-18
2011,2,4,17:03:58,13.4806,92.2117,0,3.5,2011-02-04
2011,2,6,22:01:13,12.1538,92.0884,26,3.4,2011-02-06
2011,2,11,18:14:55,13.1417,92.5005,31,4,2011-02-11
2011,2,14,14:30:18,11.7785,93.4574,31.4,3.5,2011-02-14
2011,3,5,2:24:47,10.3882,93.3625,144.9,3.3,2011-03-05
2011,3,19,12:42:41,12.95,92.4113,28.5,4.7,2011-03-19
2011,3,21,17:15:40,13.3307,92.7097,0,3.1,2011-03-21
2011,4,18,1:06:53,13.009,93.2062,58,4.1,2011-04-18
2011,4,21,15:16:02,11.3924,92.6903,0,3.5,2011-04-21
2011,4,24,6:19:15,13.0554,93.4624,0,3.9,2011-04-24
2011,4,26,0:31:46,13.6899,92.7711,29,3.9,2011-04-26
2011,5,5,22:03:29,13.6333,92.9281,29,4,2011-05-05
2011,5,28,13:00:25,13.6566,93.0678,10,4,2011-05-28
2011,6,11,16:43:28,12.5045,92.0268,35,3.6,2011-06-11
2011,6,18,10:03:51,13.7139,92.8989,29,4.2,2011-06-18
2011,6,20,19:06:48,13.2413,92.4728,0,3.3,2011-06-20
2011,6,21,1:29:13,12.6183,93.4951,58,4,2011-06-21
2011,6,22,7:24:27,13.4676,92.5634,0,3.6,2011-06-22
2011,6,30,9:44:26,10.8093,91.9378,0,3.6,2011-06-30
2011,7,15,0:15:34,12.9767,92.542,0,3.6,2011-07-15
2011,8,22,16:35:41,12.9411,93.2147,32,3.9,2011-08-22
2011,9,25,11:22:18,12.8049,92.3938,31,4.8,2011-09-25
2011,9,28,8:28:33,11.9077,91.9804,10,3.5,2011-09-28
2011,10,4,11:34:02,12.1527,92.8936,0,3.2,2011-10-04
2011,11,5,11:11:04,10.9704,91.9006,0,3.4,2011-11-05
2011,11,15,10:18:39,11.1014,93.4436,123,4.6,2011-11-15
2011,11,20,13:38:12,10.5511,93.5558,135.7,3.4,2011-11-20
2011,12,4,21:56:45,13.5999,92.8124,0,3.5,2011-12-04
2011,12,5,5:59:09,12.5329,93.2504,74.8,4.4,2011-12-05
2011,12,5,14:54:16,13.709,92.7899,0,3.3,2011-12-05
2011,12,6,1:22:28,12.3753,91.9565,35,4.4,2011-12-06
2011,12,18,15:49:07,11.9375,92.7129,0,3.4,2011-12-18
2011,12,19,18:57:33,13.4143,93.2249,0,3.6,2011-12-19
2011,12,20,8:15:20,12.4177,92.4738,26,3.8,2011-12-20
2011,12,25,4:17:13,12.7759,93.122,32,3.7,2011-12-25
2011,12,25,5:10:37,10.5016,92.6613,0,3.5,2011-12-25
2011,12,31,16:18:50,10.7518,92.1201,27,4,2011-12-31
2012,1,14,4:10:01,10.7435,92.5665,0,3.4,2012-01-14
2012,1,14,22:49:31,13.283,92.4657,29,3.7,2012-01-14
2012,1,16,15:16:20,13.3426,92.4289,0,3.5,2012-01-16
2012,1,21,4:52:51,12.7573,92.587,0,3.5,2012-01-21
2012,1,21,7:11:04,13.0503,93.103,32,4,2012-01-21
2012,1,29,7:07:27,11.1278,93.2187,0,3.5,2012-01-29
2012,2,10,21:56:57,11.3156,92.9121,46,3.7,2012-02-10
2012,2,12,6:01:53,12.2546,92.7732,41,3.6,2012-02-12
2012,2,14,7:00:12,10.5006,93.4033,100,4,2012-02-14
2012,2,15,1:43:11,10.4434,92.2635,0,3.4,2012-02-15
2012,2,25,6:06:10,10.4026,92.8716,0,3.5,2012-02-25
2012,2,27,5:19:04,12.3032,92.6272,33.9,4.2,2012-02-27
2012,3,1,17:52:43,13.1023,92.5096,31,4.4,2012-03-01
2012,3,4,23:40:46,12.7701,93.3844,58,4,2012-03-04
2012,3,8,19:51:33,11.1137,92.5937,26,3.5,2012-03-08
2012,3,10,12:18:29,11.58,91.9764,29,4.2,2012-03-10
2012,3,16,7:19:09,10.3306,93.1567,0,3.6,2012-03-16
2012,4,5,12:44:47,12.739,92.6334,0,3.5,2012-04-05
2012,4,6,5:20:36,10.6334,92.3702,0,3.7,2012-04-06
2012,4,13,20:51:11,13.4667,92.8093,29,3.6,2012-04-13
2012,4,16,1:45:24,10.5099,92.761,53,4.2,2012-04-16
2012,4,25,17:33:28,11.5867,92.4994,26,3.7,2012-04-25
2012,4,28,10:46:05,11.5376,92.0813,0,3.7,2012-04-28
2012,4,30,4:49:20,13.075,92.6522,0,3.7,2012-04-30
2012,5,6,20:29:01,13.5791,92.9588,10,3.2,2012-05-06
2012,5,8,7:13:14,11.6366,92.541,0,3.2,2012-05-08
2012,5,9,18:24:34,13.352,92.3838,29,4,2012-05-09
2012,5,17,20:49:22,13.5231,93.5036,0,3.5,2012-05-17
2012,5,19,9:17:30,11.0193,93.5606,123,3.8,2012-05-19
2012,5,19,14:16:24,12.6471,92.861,41,3.5,2012-05-19
2012,5,26,4:21:07,13.0312,92.0262,35,4.2,2012-05-26
2012,5,31,12:52:08,12.3928,93.28,49.8,3.7,2012-05-31
2012,5,31,23:20:42,12.2848,92.4536,26,3.6,2012-05-31
2012,6,25,6:34:22,13.5422,93.0124,0,3.5,2012-06-25
2012,7,6,22:20:35,12.6904,92.5743,0,3.7,2012-07-06
2012,7,14,13:26:37,10.5027,92.2907,29,3.7,2012-07-14
2012,7,21,0:22:40,13.6263,92.6237,0,3.8,2012-07-21
2012,7,21,0:24:35,13.5544,92.3498,0,3.8,2012-07-21
2012,7,25,17:38:00,11.1811,92.6022,0,3.6,2012-07-25
2012,7,26,5:00:46,10.4757,93.2066,0,3.6,2012-07-26
2012,7,28,8:10:46,12.4384,93.0387,23,3.5,2012-07-28
2012,8,9,14:36:28,12.3362,92.8469,0,3.7,2012-08-09
2012,8,18,21:41:39,10.9491,92.2784,0,3.3,2012-08-18
2012,8,20,10:30:49,10.4919,92.7569,54,3.9,2012-08-20
2012,8,24,18:35:04,13.4062,93.4854,10,3.9,2012-08-24
2012,9,10,6:19:21,13.603,92.8145,37.5,4.8,2012-09-10
2012,9,10,13:11:30,10.415,93.4635,25,3.8,2012-09-10
2012,9,10,13:16:22,10.4601,93.3404,25,4.2,2012-09-10
2012,9,10,14:35:43,10.42,93.5288,40.5,5.2,2012-09-10
2012,9,10,20:30:03,13.6472,92.9404,29,3.8,2012-09-10
2012,10,27,18:50:53,13.6342,93.0051,29,3.6,2012-10-27
2012,10,28,3:08:49,10.3572,92.527,29,5.2,2012-10-28
2012,10,30,8:06:10,12.9991,92.1681,0,3.6,2012-10-30
2012,12,8,7:21:33,10.5101,92.5514,0,3.8,2012-12-08
2012,12,16,21:38:23,13.1866,92.4634,0,3.6,2012-12-16
2012,12,16,21:44:11,13.311,92.8728,29,3.7,2012-12-16
2012,12,18,15:05:43,13.4409,93.2005,0,3.4,2012-12-18
2012,12,21,0:01:14,13.2049,92.5072,31,3.5,2012-12-21
2013,1,11,9:10:16,13.3128,92.3371,41.3,4.8,2013-01-11
2013,1,12,9:45:45,11.1183,91.9398,27,4.1,2013-01-12
2013,1,13,19:07:50,11.2647,92.9375,0,3.4,2013-01-13
2013,1,14,19:18:39,11.6136,92.8992,0,3.4,2013-01-14
2013,1,15,18:19:39,13.5615,93.0093,10,3.3,2013-01-15
2013,1,23,17:36:05,12.7575,93.2546,10,3.4,2013-01-23
2013,1,28,7:08:39,10.2917,93.1007,0,3.6,2013-01-28
2013,1,30,14:17:07,13.4107,93.1247,0,3.4,2013-01-30
2013,2,4,1:19:28,11.695,92.7438,33.2,4.7,2013-02-04
2013,2,5,4:06:21,13.1749,91.9147,24.1,3.5,2013-02-05
2013,2,9,10:49:18,12.7383,93.1597,58,3.7,2013-02-09
2013,2,10,15:22:58,12.1388,92.4345,23,3.6,2013-02-10
2013,2,12,14:20:01,11.2954,93.0282,54,3.5,2013-02-12
2013,2,24,14:33:23,11.0067,92.0088,27,4.5,2013-02-24
2013,2,26,4:32:41,12.9544,93.2485,58,3.7,2013-02-26
2013,3,6,21:24:32,11.5928,92.3832,26,3.6,2013-03-06
2013,3,14,11:11:48,13.153,93.4632,58,3.9,2013-03-14
2013,3,26,4:26:18,11.0737,93.3512,123,4.4,2013-03-26
2013,4,8,14:42:18,13.0411,93.0918,32,3.9,2013-04-08
2013,4,14,9:55:36,12.941,93.0811,32,4.1,2013-04-14
2013,5,3,4:16:10,12.8882,93.3341,65.5,4.4,2013-05-03
2013,5,6,20:53:57,13.3251,92.1634,35,4.3,2013-05-06
2013,6,18,8:01:16,13.4505,93.109,29,3.8,2013-06-18
2013,6,28,15:35:55,10.6794,93.4608,110.7,4.7,2013-06-28
2013,7,11,19:50:01,12.0446,92.5991,23,3.8,2013-07-11
2013,7,13,10:41:00,12.0725,92.2246,27,3.8,2013-07-13
2013,7,24,19:51:58,13.0895,93.1765,56.1,4.4,2013-07-24
2013,8,8,20:14:54,13.515,92.3964,0,3.4,2013-08-08
2013,8,12,5:06:04,10.3465,93.2809,100,4,2013-08-12
2013,8,17,14:41:19,11.2385,93.2322,63.6,4.6,2013-08-17
2013,8,31,13:25:57,10.9232,93.4172,291.6,3.4,2013-08-31
2013,8,31,23:37:15,11.6453,92.5542,0,3.9,2013-08-31
2013,9,5,14:57:59,10.9047,93.4178,123,3.7,2013-09-05
2013,9,11,10:09:41,10.442,92.2346,29,4.5,2013-09-11
2013,9,18,15:43:02,12.9652,93.2253,32,4,2013-09-18
2013,10,6,6:59:09,12.9513,92.6571,31,4.3,2013-10-06
2013,10,9,11:36:00,10.3594,92.1855,10,4.2,2013-10-09
2013,10,9,14:47:14,12.6952,93.1397,0,3.2,2013-10-09
2013,10,20,11:34:11,11.4581,93.4258,0,3.7,2013-10-20
2013,11,3,6:54:07,10.4641,92.7725,54.2,4.7,2013-11-03
2013,11,10,20:30:05,11.1201,91.9644,35,4.3,2013-11-10
2014,2,13,6:23:39,11.4231,93.4809,150,4,2014-02-13
2014,2,22,22:20:32,11.7153,93.0688,46,3.5,2014-02-22
2014,3,1,6:06:30,11.0168,92.1679,27,4.1,2014-03-01
2014,3,9,23:01:14,12.5235,93.2778,71.1,4,2014-03-09
2014,3,11,11:23:54,13.6715,92.8131,34,4.7,2014-03-11
2014,4,11,0:45:06,12.2872,93.1255,70.7,4.7,2014-04-11
2014,4,11,11:51:13,10.3928,93.0893,0,3.6,2014-04-11
2014,4,29,16:03:53,11.2945,92.4103,0,3.3,2014-04-29
2014,5,1,0:56:12,13.6434,92.8733,29,4.1,2014-05-01
2014,5,9,20:23:22,13.4652,93.4373,35,4,2014-05-09
2014,5,16,19:35:12,11.8529,92.072,0,3.4,2014-05-16
2014,6,4,16:55:41,10.7463,92.0231,29,3.6,2014-06-04
2014,6,18,7:53:15,11.0137,92.056,0,3.6,2014-06-18
2014,6,28,5:57:04,11.9283,93.2537,35,4.2,2014-06-28
2014,8,4,7:18:48,13.6033,93.3395,0,3.6,2014-08-04
2014,8,16,12:47:03,12.9858,92.4833,0,3.9,2014-08-16
2014,9,6,11:16:38,11.0893,93.0059,0,3.6,2014-09-06
2014,9,12,23:38:27,13.1607,92.5667,0,3.5,2014-09-12
2014,10,3,3:48:47,10.6375,92.3186,35,4.4,2014-10-03
2014,10,4,20:00:07,11.513,92.437,0,3.2,2014-10-04
2014,10,8,0:22:50,10.6561,92.525,29,3.6,2014-10-08
2014,10,11,1:34:00,11.2006,92.0632,0,3.6,2014-10-11
2014,11,4,4:19:25,11.6403,91.9932,10,3.9,2014-11-04
2014,11,8,14:15:21,11.8023,92.9551,0,3.5,2014-11-08
2014,11,28,1:18:45,12.4268,92.7593,43.1,5.2,2014-11-28
2014,12,8,5:38:58,11.6494,93.4002,100,4.3,2014-12-08
2014,12,18,2:35:42,11.2437,93.0684,0,3.6,2014-12-18
2014,12,29,18:34:57,12.8124,92.2203,0,3.1,2014-12-29
2015,1,8,19:43:08,10.5644,93.106,150,3.2,2015-01-08
2015,1,10,13:06:36,11.0009,93.5564,123,4.5,2015-01-10
2015,1,22,7:43:13,12.8062,93.0318,35,4,2015-01-22
2015,1,23,0:29:42,12.7182,92.7555,35,4.1,2015-01-23
2015,1,26,18:29:26,12.4384,92.7741,41,4.3,2015-01-26
2015,1,27,4:54:36,10.5676,93.3747,100,4,2015-01-27
2015,1,27,23:18:36,13.6822,93.3939,10,3.5,2015-01-27
2015,2,1,18:19:35,12.5793,92.022,0,3.4,2015-02-01
2015,2,11,3:30:14,13.2086,92.2859,32.3,5.2,2015-02-11
2015,2,19,11:50:00,11.2609,92.5166,0,3.3,2015-02-19
2015,2,23,6:32:08,10.7824,92.0671,27,4.5,2015-02-23
2015,3,8,15:43:45,13.3866,92.585,29,4.2,2015-03-08
2015,3,25,10:13:12,13.5093,91.9618,35,4.2,2015-03-25
2015,4,3,12:45:23,10.5567,93.3377,112.3,4.5,2015-04-03
2015,4,11,21:48:24,10.6243,92.0081,29,3.7,2015-04-11
2015,4,18,17:22:29,10.7416,93.3529,100,4.1,2015-04-18
2015,4,24,0:29:18,11.2418,93.3864,0,3.7,2015-04-24
2015,5,1,8:58:42,10.7692,91.9968,30.9,5.2,2015-05-01
2015,6,3,11:10:27,10.9817,92.8262,0,3.3,2015-06-03
2015,6,10,13:07:19,10.3765,92.8451,0,3.7,2015-06-10
2015,7,3,0:37:45,13.0999,93.2155,51.6,4.6,2015-07-03
2015,7,4,18:41:34,12.9625,93.1128,32,3.8,2015-07-04
2015,7,11,9:58:41,12.331,93.4104,100,3.7,2015-07-11
2015,7,28,21:29:07,12.9673,92.4466,31,4,2015-07-28
2015,8,3,20:47:47,11.6791,92.296,26,4.6,2015-08-03
2015,8,14,6:39:43,12.8364,92.8837,0,3.7,2015-08-14
2015,8,26,16:36:45,13.3895,92.7959,0,3.4,2015-08-26
2015,8,28,3:48:54,11.93,92.9828,100,3.7,2015-08-28
2015,8,28,15:58:48,11.0705,92.1049,0,3.4,2015-08-28
2015,9,23,4:51:32,12.9925,92.4244,31,4.2,2015-09-23
2015,10,25,6:47:21,11.784,93.1656,0,3.5,2015-10-25
2015,11,28,18:32:54,12.5464,93.5691,93,4.2,2015-11-28
2015,12,16,4:48:21,12.6983,93.3175,93,4.6,2015-12-16
2016,1,2,13:27:05,11.8835,92.8261,41,3.9,2016-01-02
2016,1,4,2:28:04,12.1782,93.2104,50,4.2,2016-01-04
2016,1,11,6:56:37,13.7105,92.7582,29,3.8,2016-01-11
2016,1,15,19:24:52,11.6633,92.8628,50.3,4.1,2016-01-15
2016,1,20,15:09:20,11.3082,92.7648,0,3.6,2016-01-20
2016,2,3,15:24:07,10.3389,93.4051,100,4.3,2016-02-03
2016,2,17,2:24:53,12.8723,92.6566,31,3.9,2016-02-17
2016,3,5,8:26:27,10.6982,92.5854,29,3.8,2016-03-05
2016,3,12,9:39:37,10.4109,92.4488,29,4.1,2016-03-12
2016,3,12,13:35:13,10.6916,93.31,0,3.5,2016-03-12
2016,3,26,19:03:38,10.6406,93.4059,0,3.3,2016-03-26
2016,3,27,17:22:59,13.3565,92.0018,0,3.2,2016-03-27
2016,4,11,23:56:26,10.6528,93.0541,53,3.5,2016-04-11
2016,4,18,15:29:54,13.0151,92.3172,31,4.5,2016-04-18
2016,5,3,0:23:37,13.7009,93.0854,0,3.4,2016-05-03
2016,5,27,16:58:30,12.8146,93.1016,32,3.5,2016-05-27
2016,6,16,15:53:54,10.4778,92.985,0,3.3,2016-06-16
2016,6,26,5:06:16,10.3675,92.5324,0,3.8,2016-06-26
2016,7,24,15:33:07,12.7748,93.2576,63,4.3,2016-07-24
2016,7,29,3:28:38,11.7235,92.9191,0,3.8,2016-07-29
2016,7,30,20:19:08,10.9191,92.5725,26,3.6,2016-07-30
2016,8,12,15:32:10,10.6364,91.9291,0,3.6,2016-08-12
2016,8,17,10:34:41,13.4445,92.8038,0,3.7,2016-08-17
2016,8,24,22:06:46,11.0866,92.1542,0,3.6,2016-08-24
2016,9,4,22:28:38,13.6364,92.8286,29,4,2016-09-04
2016,9,16,5:18:49,12.8477,92.4887,31,4.1,2016-09-16
2016,9,18,10:05:43,10.4986,93.4216,0,3.4,2016-09-18
2016,9,20,9:10:11,13.2265,93.0351,30.8,4,2016-09-20
2016,9,26,12:03:45,11.0269,93.0996,116.6,3.5,2016-09-26
2016,10,6,10:04:44,13.0934,92.6501,0,3.6,2016-10-06
2016,10,23,6:07:36,10.3359,92.3077,0,3.7,2016-10-23
2016,11,13,21:22:26,10.5605,93.4139,25,4.4,2016-11-13
2016,11,25,11:17:08,13.1262,93.0313,16.6,4.5,2016-11-25
2016,12,3,19:42:13,10.8498,91.9324,27,4.6,2016-12-03
2016,12,4,1:03:43,12.2737,92.2912,0,3.4,2016-12-04
2016,12,9,6:01:23,11.3231,92.8035,0,3.8,2016-12-09
2016,12,23,4:56:14,12.1182,92.1244,27,4.3,2016-12-23
2016,12,27,10:50:19,13.1442,93.0481,28.5,4.1,2016-12-27
2016,12,27,21:21:53,13.3432,92.317,29,4.2,2016-12-27
2017,1,26,1:34:24,13.069,92.2618,35,3.9,2017-01-26
2017,2,16,18:26:42,13.6959,93.539,0,3.4,2017-02-16
2017,2,17,17:45:49,13.5424,93.4585,35,3.4,2017-02-17
2017,3,1,3:16:53,12.2165,93.1649,85,4.3,2017-03-01
2017,3,1,16:21:04,11.6677,92.2157,29,4,2017-03-01
2017,3,17,14:01:43,11.2633,92.9076,51.6,4.6,2017-03-17
2017,3,21,16:06:58,13.2021,92.9456,0,3.4,2017-03-21
2017,5,5,17:58:36,13.6967,92.5202,23.1,4.9,2017-05-05
2017,5,11,16:25:34,13.156,92.9955,150,3.6,2017-05-11
2017,6,27,18:09:57,10.507,92.6918,0,3.5,2017-06-27
2017,7,2,21:59:16,11.4823,92.6139,26,3.5,2017-07-02
2017,7,30,19:14:01,13.3448,92.4619,35,3.8,2017-07-30
2017,8,11,3:34:55,13.6717,92.8716,37.6,4.5,2017-08-11
2017,9,15,22:37:57,12.9237,91.9202,35,4,2017-09-15
2017,9,17,10:27:11,12.8463,91.9975,35,4.1,2017-09-17
2017,9,17,11:48:48,12.4286,92.3703,0,3.6,2017-09-17
2017,9,17,14:48:12,12.8722,92.0863,35,4.7,2017-09-17
2017,9,17,19:37:50,13.4352,93.359,0,3.5,2017-09-17
2017,9,19,20:56:13,13.4489,92.8143,50,3.7,2017-09-19
2017,9,21,17:02:39,11.3489,92.6164,0,3.5,2017-09-21
2017,9,25,20:27:08,12.9019,92.0968,10,4,2017-09-25
2017,9,25,22:41:14,12.7052,92.3088,0,3.4,2017-09-25
2017,9,27,8:58:42,11.4902,92.7509,10,3.6,2017-09-27
2017,10,1,7:50:38,12.6293,92.047,0,3.3,2017-10-01
2017,10,4,2:31:54,12.2956,92.2103,0,3.5,2017-10-04
2017,10,5,13:52:19,12.5727,92.0878,0,3.5,2017-10-05
2017,10,9,19:32:39,13.0338,92.5047,31,4,2017-10-09
2017,10,10,14:42:25,13.1776,93.2786,35,4.1,2017-10-10
2017,10,11,20:39:35,13.1347,92.5446,31,3.5,2017-10-11
2017,10,25,18:20:47,13.7142,92.8524,35,4.6,2017-10-25
2017,11,9,11:54:50,11.29,92.4237,26,3.8,2017-11-09
2017,11,9,20:58:53,11.0841,92.2482,0,3.4,2017-11-09
2017,11,18,19:36:22,12.6795,92.1459,0,3.6,2017-11-18
2018,1,14,15:48:08,12.0385,92.2037,27,4.5,2018-01-14
2018,1,28,20:01:18,11.0972,92.666,0,3.3,2018-01-28
2018,2,6,8:16:28,11.632,93.2903,103.7,3.3,2018-02-06
2018,2,13,2:39:52,12.3508,93.1579,57.5,5.6,2018-02-13
2018,2,25,10:16:46,13.1338,93.0568,0,3.8,2018-02-25
2018,2,26,5:26:56,11.5438,93.5436,143.8,3.5,2018-02-26
2018,3,15,17:06:59,11.6436,92.2867,0,3.9,2018-03-15
2018,3,26,12:04:48,13.3768,93.453,0,3.1,2018-03-26
2018,4,2,23:18:10,13.137,93.528,79.2,3.4,2018-04-02
2018,4,4,6:41:57,13.3179,92.2883,0,3.6,2018-04-04
2018,4,23,18:01:27,13.1779,92.3513,26.7,4.9,2018-04-23
2018,4,24,1:15:32,11.1879,93.3971,0,4.2,2018-04-24
2018,5,24,19:29:16,13.5237,92.92,0,3.3,2018-05-24
2018,5,31,12:18:46,11.6206,93.0776,0,3.5,2018-05-31
2018,6,10,22:38:12,12.9399,92.5254,0,4,2018-06-10
2018,7,4,7:12:50,13.1648,92.4982,27.4,5.4,2018-07-04
2018,7,4,17:54:56,11.3442,93.0558,97.5,4,2018-07-04
2018,7,10,7:36:31,12.9343,93.4058,79.6,4.5,2018-07-10
2018,9,18,7:37:20,11.2336,92.3216,0,4.1,2018-09-18
2018,9,22,9:30:19,12.4048,91.9635,0,3.5,2018-09-22
2018,10,1,13:24:45,12.9046,92.2347,25.6,5.1,2018-10-01
2018,11,12,15:38:29,12.1545,92.7599,0,3.2,2018-11-12
2018,12,9,5:53:56,13.2301,92.7921,0,3.7,2018-12-09
2018,12,27,13:53:06,10.4908,92.6465,0,3.3,2018-12-27
2018,12,27,16:46:09,12.8155,93.5007,75.1,4.4,2018-12-27
2019,1,3,14:03:45,11.7558,93.3604,111.1,4.5,2019-01-03
2019,1,6,3:35:05,12.0586,92.4507,0,3.4,2019-01-06
2019,2,8,20:09:57,13.4099,92.7314,0,3.8,2019-02-08
2019,2,23,18:39:15,13.0736,93.0471,0,3.7,2019-02-23
2019,3,10,20:59:42,10.8732,92.8863,0,3.7,2019-03-10
2019,3,15,19:10:15,12.8806,92.3934,0,3.2,2019-03-15
2019,3,20,10:27:35,11.9231,92.8488,57,4.9,2019-03-20
2019,4,1,0:56:34,10.5279,93.3404,0,4,2019-04-01
2019,4,12,1:56:56,10.3191,93.5784,0,3.9,2019-04-12
2019,4,12,11:23:00,11.8466,92.8676,48.2,4.7,2019-04-12
2019,4,15,13:33:49,12.4345,93.5064,105.9,4.2,2019-04-15
2019,4,23,14:14:42,10.5464,92.5786,0,3.5,2019-04-23
2019,5,6,14:53:18,12.5345,93.2991,86.6,4.4,2019-05-06
2019,5,7,8:24:12,10.737,93.5702,77.5,4.6,2019-05-07
2019,5,20,20:56:56,11.2286,92.6942,0,3.7,2019-05-20
2019,6,9,3:33:27,13.104,92.4149,0,3.7,2019-06-09
2019,6,17,22:19:59,12.1229,92.709,30,4.9,2019-06-17
2019,8,9,0:21:45,11.4029,92.1535,0,3.8,2019-08-09
2019,8,28,13:40:04,13.0076,93.2718,36.3,4.4,2019-08-28
2019,8,29,18:50:23,12.7918,93.1068,0,3.8,2019-08-29
2019,9,2,13:01:51,13.3757,93.07,0,3.4,2019-09-02
2019,10,12,6:50:56,13.3676,93.5713,63.9,4.4,2019-10-12
2019,10,20,22:45:20,12.3804,93.304,0,3.7,2019-10-20
2019,11,17,23:05:56,11.2863,92.9571,53.4,5.1,2019-11-17
2019,11,29,17:50:18,13.692,93.3959,49.3,4.9,2019-11-29
2019,12,6,10:20:01,11.0053,92.2919,0,3.9,2019-12-06
2020,1,7,17:12:46,10.7107,92.7883,0,3.9,2020-01-07
2020,1,30,21:43:09,11.1912,93.0634,0,3.8,2020-01-30
2020,2,4,12:21:14,10.7128,92.2444,0,3.4,2020-02-04
2020,2,9,8:48:48,12.6886,92.5081,0,3.7,2020-02-09
2020,2,10,18:20:09,13.1329,93.2938,39.6,4.9,2020-02-10
2020,4,13,17:34:04,12.0153,92.9576,38,4.3,2020-04-13
2020,4,17,0:09:38,10.5235,92.2956,0,3.1,2020-04-17
2020,4,27,19:54:31,12.1157,92.936,32.6,4.4,2020-04-27
2020,4,29,13:43:50,13.6086,93.074,0,3.7,2020-04-29
2020,5,2,0:14:30,10.4416,93.4931,0,3.6,2020-05-02
2020,5,13,5:42:09,13.6095,92.5128,0,3.8,2020-05-13
2020,5,17,15:02:42,11.3366,91.9896,0,3.3,2020-05-17
2020,5,29,0:30:20,10.9197,92.5266,0,3.9,2020-05-29
2020,5,30,23:12:23,12.5169,93.2051,61.2,3.5,2020-05-30
2020,5,31,13:04:09,11.0223,92.829,93.5,3.4,2020-05-31
2020,6,2,12:39:36,13.4864,92.911,0,3.2,2020-06-02
2020,6,28,3:26:19,12.8037,92.5858,0,3.9,2020-06-28
2020,7,7,23:49:25,12.8117,92.4563,0,4.2,2020-07-07
2020,7,13,20:38:10,13.4528,92.6906,0,3.6,2020-07-13